Age,Income,Tier,Review,Product Name,Theme 1,Theme 2,Theme 3
25,49674,2,"- *Quick Approval*: Users praise app for its fast approval process, with some receiving loans within minutes - *Minimal Documentation*: Many users appreciate the minimal paperwork required, making the process hassle-free - *Flexible Repayment Options*: app offers flexib","Loan, UPI App",Quick Approval & Disbursal,User Interface,Application & Onboarding Process
58,81532,1,"""I am using app Loan App and have had positive experience. The application is user-friendly and the loan process is fast. The interest rates are reasonable, and the customer support is responsive, and I would recommend this app to others.""""""",Loan,User Interface,Customer Support,App Performance
34,16146,2,1. it very easy to use 2. fast payment and more,UPI App,Quick Approval & Disbursal,User Interface,App Performance
41,102748,0,100/ rewards my first richarge 5 rs received rewards,UPI App,Rewards & Cashback,,
41,76871,0,100% wraking app install now every easy pay,UPI App,App Performance,,
38,66697,0,21-Jun-2025 Applying for a personal loan on app was straightforward. The app guides you seamlessly.,Loan,Quick Approval & Disbursal,User Interface,Application & Onboarding Process
29,110735,2,21-Jun-2025 The instant loan from app was transferred to my account swiftly. Excellent service!,"Loan, UPI App",Quick Approval & Disbursal,Customer Support,App Performance
56,76606,3,5 ster Amazing app with real Cashback! recently started using xyz app and I'm honestly impressed üòç Every small transaction I made gaveüòÑüòÉüòÄüòÄüòÄ,UPI App,Rewards & Cashback,Overall Satisfaction & Utility,
40,10643,1,"a good application for loan,I like the availability of loan and services in this app.",Loan,Quick Approval & Disbursal,Loan Terms & Features,
43,94059,1,A proper app.I don't have No words for app . Very excellent app. Simple process I get money. Very Low intrest. I love app ( early salary app). Lot of Thanks.before 2022 start till I have a loan. My eligibility is Rs 99960 now.,Loan,Application & Onboarding Process,Loan Terms & Features,App Reliability
48,114477,1,"a very good app, 5-10 coins for every transaction and I actually earned ‚Çπ130 from those coins in a month and got ‚Çπ120 for referring other person, so totally I got ‚Çπ250 from this app, but some times you get 0 coins as bad luck, this is my genuine review after using it for a month, and I don't do so much upi transaction..",UPI App,User Interface,Rewards & Cashback,App Performance
37,48474,2,A very Good Upi App for daily transaction and very fast & we also get rewards,UPI App,Rewards & Cashback,App Performance,Overall Satisfaction & Utility
56,95646,1,a very very special app for an poor middle class people and retail business persons favorite üòç app i love ‚ù§Ô∏è this app. thanks for creating this app. i love ‚ù§Ô∏è you so much xyz app and team .every transaction giving so many scratch card gift coin .once again thanks team xyz.,UPI App,Rewards & Cashback,,
58,30037,1,a wonderful application for UPI payment & cash rewards directly to your respective bank account linked ! üí∏,UPI App,Rewards & Cashback,App Performance,Overall Satisfaction & Utility
59,34580,1,aap are very good cashback is high easy to transaction,UPI App,Rewards & Cashback,Overall Satisfaction & Utility,
55,79156,0,ab ismein coin nahin aate pahle khopa Nate The 7 mahine Ho Gaye ya nahin aati to,UPI App,Rewards & Cashback,Criticisms & Issues,
45,55796,2,Absolutely Amazing üëè. Realtime Cashback üëç,UPI App,Rewards & Cashback,Overall Satisfaction & Utility,
25,88513,2,"Absolutely fabulous loan application so far. Easy paperless process and got my loan approved within 30 minutes. Thank you so much, app!",Loan,Quick Approval & Disbursal,Application & Onboarding Process,Overall Satisfaction & Utility
21,50692,2,absolutely good upi app in the world üåç,UPI App,User Interface,Overall Satisfaction & Utility,
51,33788,3,accha app hai abhi download kare or jite har payment par cash pack reward,UPI App,Rewards & Cashback,App Performance,
39,29654,1,achin thakur up21. Moradabad Uttar Pradesh xyz app se paise transfer karo cashback bahut hi badhiya app hai Jay shree Ram üö©,UPI App,Rewards & Cashback,Overall Satisfaction & Utility,
45,83822,0,"after using few days I changed my review, actually this app is not only for great cashback, but also it's great interface, easy to operate, simple log in, fast working, etc, personally I would recommend to my friend circle to use this very app,",UPI App,Quick Approval & Disbursal,User Interface,Rewards & Cashback
27,108184,3,aise hi rewards Milana chahie bahut Achcha,UPI App,Rewards & Cashback,,
31,70008,0,all are good but....xyz app is ...try to improve extraa win ..chance...to collect tokens i used only xyz..app,UPI App,Rewards & Cashback,Criticisms & Issues,
33,60076,3,all ready available amount in account but not outo debited any mistake,Generic,Criticisms & Issues,,
39,48734,0,almost in 11 months I got a cash back of 250+,UPI App,Rewards & Cashback,,
26,93087,0,already for closed loans 3 times still jot getting any offer. not good service at all,"Loan, UPI App",Customer Support,Criticisms & Issues,
43,73418,1,Although I'm unable to pay my dues because of financial issues. They never resorted to bad behaviour like other apps. They approached me with understanding.,UPI App,Customer Support,App Performance,
38,95472,0,Amazing app for online instant personal loan app so that really amazing app.,Loan,Quick Approval & Disbursal,Overall Satisfaction & Utility,
37,92191,0,amazing rewards it's really cool try this and enjoy fully! üòä,UPI App,Rewards & Cashback,Overall Satisfaction & Utility,
57,76405,1,Amazing support team and very smooth digital process. This is what modern finance solutions should look like. Very satisfied with SimplyCash!!,Generic,Application & Onboarding Process,Customer Support,Overall Satisfaction & Utility
35,28455,1,"amezing It gives you so much money on making a transaction which you cannot expect, so I took up to Rs. 800 from it @Aryan.1one",UPI App,Rewards & Cashback,,
43,72666,2,"An amazing patronage REWARDS-Programme. And, it's, "" ultimately "" not just about the REWARDS !!! The "" xyz "" - App is fantastic in (other) aspects, as well; for-instance : it doesn't charge even 1 paisa for RECHARGE/Bill(-related) Service(s). ... Where other apps, typically, charge Rs. (2-5) on PRE-Paid Mobile-recharge, for-example : xyz-Platform enables access to the recharge at NO hidden/extra cost! All-in-ALL : I('d) HIGHLY recommend this [U.P.I.-&-Payments'] App to any and EVERYOne.",UPI App,Rewards & Cashback,App Performance,Overall Satisfaction & Utility
60,117496,1,"app app easy provide personal loan, with the less step received loan after kyc ... available loan amount maximum 2 lakh.",Loan,Quick Approval & Disbursal,,
47,10176,1,app app is a really good application for a quick loan and I am really impressed by it. The user friendly interface makes the overall use very reliable. It is very efficient in terms of payment application and for other uses like managing expenses. I highly recommend it..,"Loan, UPI App",User Interface,App Reliability,App Performance
23,85630,3,app app is excellent 👌 for loan and with less interest rate lover it 💕🙏,Loan,App Performance,,
45,47810,3,"app app is trusted, because the online instant loan platform,it's quick cash transfer,you can trust app for a safe and hassle free experience ,highly recommended","Loan, UPI App",Quick Approval & Disbursal,User Interface,Application & Onboarding Process
25,40440,2,app app is very effective and friendly user.i am using this for my daily payment to clear my bill payment.my experience with app is good,UPI App,App Performance,,
52,54959,3,app app is very effective and friendly user.i am using this for my daily payment to clear my bill payment.my experience with app is good,UPI App,App Performance,,
58,29492,2,"app app stands out as a convenient and reliable loan provider in the online space. With its user-friendly interface, transparent policies, flexible loan options, and excellent customer support, it's no wonder why so many individuals trust the app app for their financial needs. I highly recommend giving it a try for anyone in search of a hassle-free loan experience",Loan,User Interface,Application & Onboarding Process,Customer Support
35,51220,0,app application is very good application for new borrowers. You can try it as usual,Loan,App Performance,Overall Satisfaction & Utility,
52,75836,3,app best application highly appreciated super application good App nice application best application,Generic,Overall Satisfaction & Utility,,
32,72515,3,"app doesn’t require any collateral, which was a huge relief. I didn’t have to risk any assets.",Loan,User Interface,,
30,54167,1,app for transparent personal loan terms. Huge thanks to this application developer for such a great day,Loan,Loan Terms & Features,,
41,64810,2,app gat instant pay application use the very best app my phone is nice working on my favourite only one app,UPI App,Quick Approval & Disbursal,App Performance,
36,50507,2,App has quite friendly user interface. App gives you instant loan up to 200000 instant no hidden charges. Even interest is low. You can pay your debits by UPI too. I like the app’s customer support. If there is problem created you also contact with customer support they provide. Overall app is very good for those who want instant need of money,"Loan, UPI App",Quick Approval & Disbursal,User Interface,Customer Support
34,97821,1,"app help to me alot in my financial journey, easy to use without any hidden charges my best wishes to app to grow multiple folds. pull out low income people from financial problems with Good ethical financial practices.....app you are doing great 👍 appreciate.",Generic,User Interface,Overall Satisfaction & Utility,
39,97939,1,"app is a digital lending platform and RBI‑registered NBFC designed primarily for salaried individuals in India. It offers instant personal loans, cash advances, and mutual fund–backed loans—all through a fully digital smartphone app .","Loan, UPI App",Quick Approval & Disbursal,Loan Terms & Features,
36,113028,2,"app is a good app for daily need expenses.their are lot of facilities like app emi , credit card & much more",Loan,Overall Satisfaction & Utility,,
37,108957,2,app is a good option for instant personal loans. Great user interface and what I say it's already soo good,Loan,Quick Approval & Disbursal,,
27,12723,2,app is a one of the best app it helps for my education financial loan it is very usefull for me,Loan,Quick Approval & Disbursal,,
42,60312,3,"app is a popular instant loan app in India offering personal loans up to ₹5 lakhs with quick approvals and disbursals within 24 hours. The app has a user-friendly interface and flexible repayment options, with loan tenures ranging from 3 to 36 months. Interest rates start at 16% per annum, and there's no pre-closure charge.","Loan, UPI App",Quick Approval & Disbursal,User Interface,Loan Terms & Features
59,32047,2,app is a real application that help for an easy service for transaction also a best features of the app.,UPI App,User Interface,Loan Terms & Features,App Performance
21,53814,1,app is a Saviour & Best App to borrow in case of any emergency..I have no words to say thanks & describe the help and support I have received from this App..,Loan,Customer Support,Overall Satisfaction & Utility,
22,26943,1,app is a very good app for need instant cash situation...basic formality & fast processing,Loan,Application & Onboarding Process,App Performance,Overall Satisfaction & Utility
34,75030,3,"app is a very helpful app , thank you for creating such an app for the needful.",Generic,Overall Satisfaction & Utility,,
31,59244,1,app is a very simple application for instant personal loan. I have had a good experience with app.,Loan,Quick Approval & Disbursal,Overall Satisfaction & Utility,
42,77494,3,app is an fantastic application.it is very nice application.i like it.,Generic,User Interface,Overall Satisfaction & Utility,
58,81485,2,"app is excellent app which very simple and unique features and very fast way to get loan easily user-friendly loan app with quick approval I recently used the app, and my experience was quite positive",Loan,Quick Approval & Disbursal,User Interface,App Performance
35,58979,3,app is fully digital—no more standing in lines or endless paperwork. Their digital process saved me valuable time.,Generic,Application & Onboarding Process,,
41,103017,0,app is good nice work properly like gpay or phone pay it is user friendly and rewards are real you make more payment and get more rewards rewards means xyz coin 10 coins =1 rupee I am student so I am not more payment per day one or two payments only so I get only one reward or nothing ONE' PROBLEM OF THIS APP SOME TIME REWARDS ARE NOT AVAILABLE THEY TELL SORRY NEXT TIME BEST OF LUCK I make one or two payments only so I affect it,UPI App,User Interface,Rewards & Cashback,App Performance
37,118145,1,"app is India's trusted loan app for the young and the ambitious, the dreamers.",Loan,App Reliability,,
42,86759,1,"app is really a great app for personal loans, interest rates is a little bit high but the easy hassle free process and excellent customer support is their recognition, really useful",Loan,Application & Onboarding Process,Customer Support,App Performance
40,100486,3,app is the amazing app. It provides guidelines are good. It very safe and useful.It's a seamless experience It's more trusatable and enhanced experience. Must try app,Generic,Quick Approval & Disbursal,User Interface,App Reliability
45,96667,1,app is the best application for quick personal loan and for all the finance site is best application,Loan,User Interface,,
52,12410,1,app is very good app very helpful staff and good behaviour with me I am very glad to meet this app 💞,Generic,Customer Support,App Performance,Overall Satisfaction & Utility
53,41706,2,"app is very good application easy to use and it's Instantly Approval and instant credit money to bank, it's very fast process",Loan,User Interface,App Performance,Overall Satisfaction & Utility
54,114391,1,app is very useful app when you need instant money up to 1 lakh ... Please refer this app if you need urgent Money Thankyou,Loan,Overall Satisfaction & Utility,,
48,50984,3,app Loan App is very Excellent Loan App it provides loan very easily and Quickly thanks app,Loan,User Interface,App Performance,
24,95639,2,app minimal documentation requirement made the application process fast and easy.,Loan,User Interface,Application & Onboarding Process,App Performance
34,57818,2,app offers flexible repayment options that perfectly suited my budget.,"Loan, UPI App",User Interface,Loan Terms & Features,App Performance
54,59247,3,app provides best-in-class financing solutions all over India and hence proves to be a safe choice for a personal loan online. Must try,Loan,Security & Privacy,,
27,36780,2,app provides easy and quick loan without the need for physical documentation. The application process is simple and efficient. Fantastic app,Loan,User Interface,Application & Onboarding Process,
57,80858,1,app was a best application for taking with less effort.By comparing with other loan apps app was the best app for taking loans.,Loan,Overall Satisfaction & Utility,,
40,44499,2,"app, by far , is the best instant loan app. No stupid questions asked, verify your ID and you are done! It was unbelievably convenient! Not to mention, app has lower interest rate amongst other similar apps. Thanks guys","Loan, UPI App",Quick Approval & Disbursal,Application & Onboarding Process,
34,67044,0,"app: Unlock financial freedom with instant, easy, and smart loans.",Loan,Overall Satisfaction & Utility,,
32,78287,0,app’s app is user-friendly and makes the loan application process a breeze.,Loan,User Interface,,
37,84599,0,app's expense manager helps me keep track of my finances effortlessly. It's a great tool to monitor my spending and savings. Highly useful,Generic,Loan Terms & Features,,
25,18636,1,app's flexible repayment options make managing loans easy. I can choose a repayment plan that suits my budget,Loan,User Interface,Loan Terms & Features,App Performance
46,80544,0,app's instant loan application saved me in a pinch.Highly recommended,Loan,Quick Approval & Disbursal,Overall Satisfaction & Utility,
50,94715,0,app's online application is intuitive and their response time is unbeatable. Highly recommend,Generic,User Interface,Overall Satisfaction & Utility,
39,28825,0,"Application process is simple, and you can check your rates without hurting your credit score. Highly recommend.",Loan,Application & Onboarding Process,Overall Satisfaction & Utility,
44,73440,1,Applying for a loan with five was so convenient. Definitely my go-to for quick cash,Loan,User Interface,Application & Onboarding Process,Overall Satisfaction & Utility
48,22021,2,appr good 👍 apps 10 time continue my lone sensation done.very good services. only not upgrade my lone amount.i am try higher time lone.but nothing response.,Generic,Customer Support,Loan Terms & Features,Overall Satisfaction & Utility
57,84250,2,"As a salaried employee, I got ₹50,000 personal loan in 2 minutes. Great rates and clear documents required list.",Loan,Quick Approval & Disbursal,User Interface,
54,110748,1,"As of my latest knowledge, there have been mixed reports from users regarding the **""Build My Squad""** feature in the **xyz Payment** app. Some users claim to have successfully completed their squad (11 players) and received the **2000 coins**, while others are stuck at 10 players and keep receiving middle-order players repeatedly. ### **What You Should Know:** 1. **Possible Glitch/Bug:** - Many users report being stuck at **10 players** and only receiving middle-order players when trying",UPI App,User Interface,Rewards & Cashback,App Performance
44,14513,2,ashutosh Patel best online payment ‚ô•Ô∏è‚ô•Ô∏è‚ô•Ô∏è,UPI App,App Performance,,
27,118387,1,Automatic EMI deductions from my account made repayment easy and worry-free.,Loan,Application & Onboarding Process,App Performance,
43,65791,3,awesome app I get reward in every payment,UPI App,App Performance,Overall Satisfaction & Utility,
23,103330,3,awesome app it took 15 minutes to approve the complete process. I was in need of money and appreciate with their spontaneous response. decent interest provided. thanks app👍🙏,Loan,Quick Approval & Disbursal,Overall Satisfaction & Utility,
24,48526,3,awesome application and best service thanks to all app team I am so happy,Generic,Overall Satisfaction & Utility,,
55,41077,1,awesome application and with very helpful 5 companies also very good 😊 no words ♥️♥️♥️♥️♥️♥️♥️♥️♥️♥️♥️♥️,Generic,Overall Satisfaction & Utility,,
33,44471,3,"awesome I found many times of rewards like this 5,8,6,12,13,9,&10 coins and My total rewards this time is 56 rupees",UPI App,Rewards & Cashback,Overall Satisfaction & Utility,
59,58681,0,"awesome üòé or aap se aj tk itna fayda nahi hua ,, ulta extra charges or lete hai.... truly best upi app",UPI App,Overall Satisfaction & Utility,Criticisms & Issues,
35,53828,3,"Awesome,xyz gives coins almost every transaction.Highly recommend UPI app!",UPI App,Rewards & Cashback,Overall Satisfaction & Utility,
31,47418,0,bahut acha app hai sab log use kar sakte hain chota bhai xyz jo 5rs 10rs de sakta hai thank youuu üòå,Generic,Overall Satisfaction & Utility,,
35,58376,3,bahut achi app hai bhai lagbhag 6 month hua hai use krte huye (266RS) riwod paa chuka hun €î€î€îjaha dusri companiyan plat fom fe charge kari hai waha ye ap ko de raha hai agr ap ne abhi tak use nhi kiya hai to ek bar zaror tray kren thank you ‚ù§Ô∏è,Generic,Rewards & Cashback,Overall Satisfaction & Utility,
44,72182,0,Bahut badhiya UPI transaction app hai isme har payment per bonus coin milta jo ki usko ham rupaye me convert kar sakte hai,UPI App,Rewards & Cashback,App Performance,Overall Satisfaction & Utility
28,119496,0,bahut badiya app ha ye bahut achi ha sabhi ise use Karo cashback milta ha bahut acha,UPI App,Rewards & Cashback,,
36,53036,1,bahut badiya app he is app se mujhe bahut he badiya coin mile he abhi tak Rs 500 plus mil chuka he app bahut badiya he,UPI App,Rewards & Cashback,,
48,96189,0,bahut baval hai banaye Ho 1 din mein ek lakh ka transaction karke ek din mein 10000 kamaya hoga five star hai mere taraf se hundred by hundred star yr app ko thx üôèüòä,UPI App,Rewards & Cashback,Overall Satisfaction & Utility,
35,102185,0,bahut best app hai ismein cashback milane ki chance bahut jyada rahte hain,UPI App,Rewards & Cashback,,
56,81131,2,bahut hi accha aap hai xyz har payment me cashback deta hai,UPI App,Rewards & Cashback,App Performance,
38,28811,3,bahut hi achcha app hai coins mein paise milte Hain main bahut Dinon Se use karta hun,UPI App,Rewards & Cashback,,
58,98608,1,bahut hi achcha hai maine khud try kiya hai is very very beautiful app Koi fek nahin Hai 100% surety wala app hai na Koi dhokhadhadi nahi hoti hai uske upar mere ko bahut hi achcha Laga app app isko aap bilkul aaram se use kar sakte hain,Generic,Security & Privacy,,
46,22312,2,bahut hi faydemand hai bataiye SAP payment karne par cashback milta Ha aur jaldi se jaldi payment ho jata hai main Islamic karta hun aur mujhe bahut achcha Laga jaldi se jaldi payment ho jata hai isase aur koi bhi server samasya nahin aati aaj mujhe koi bhi online payment karne mein koi samasya nahin hai,UPI App,Rewards & Cashback,App Performance,
51,105127,1,Bahut hi mst UPI app hai lakin kabhi kabhi server me problem hota hai ap sabhi xyz team se apil hai ap log thoda dhyan dijye ha aur 1 problem hai reward ke nam pe 2 aur 1 coni milta hai,UPI App,App Performance,,
28,31590,2,"bas ek baat bolunga xyz ka upi poora makhan ki tarah chalta he google pay , phone pe , paytm ye sab smoothness me iske takkar ke koi nahi he",UPI App,App Performance,,
45,56166,0,Bast app xyz upl money give me about the game was very nice and real give me 100 money,Generic,Rewards & Cashback,,
31,36217,2,baut hi aach aap h jaldi se pement ho jata h or koi bhi dikat nhi hoti h,UPI App,Rewards & Cashback,,
57,49983,3,beat app for UPI transactions. each transaction is completed within seconds without facing any issue...ü•∞,UPI App,Rewards & Cashback,,
24,45810,2,best and very easy app for payment..I think nowadays.,UPI App,App Performance,,
29,30837,0,best app and fast payment I am happy thank you xyz appüëç,UPI App,Quick Approval & Disbursal,App Performance,Overall Satisfaction & Utility
21,76553,0,Best app but please ad dark mode and custom upi id. I request you Dear ( xyz ),UPI App,User Interface,,
37,79987,0,best app for all your online payment needs savings investment,UPI App,App Performance,,
29,69299,0,best app for loans smooth ui experience and user friendly interface.,Loan,User Interface,,
30,65166,1,best app for money transaction and also you will get xyz coin and transfer them into real money ü§ë 10 xyz coins = 1 INR,UPI App,Rewards & Cashback,,
51,78971,1,best app for online payment in india üíØ,UPI App,App Performance,,
27,53291,3,best app for online pement please download this application,UPI App,Rewards & Cashback,,
43,107642,1,"Best app for personal loan. Low interest rate and disbursement is within few minutes. I am very happy with this app i am using since 2 years, and never get disappointment.",Loan,Quick Approval & Disbursal,Loan Terms & Features,
54,34145,2,Best App for the emergency fund requirements within few minutes money distribution.,Loan,Quick Approval & Disbursal,User Interface,Overall Satisfaction & Utility
46,117314,2,best app for upi transaction and get free cash in bank,UPI App,Rewards & Cashback,,
33,41294,2,best app i have ever seen i has more options than any app please install it it's worth,Generic,User Interface,Overall Satisfaction & Utility,
58,52498,0,"Best App in this tech age, all other UPI apps are dull against xyz",UPI App,Market Position & Comparison,,
35,58455,2,best app nothing payment failed and give reward,UPI App,App Performance,Criticisms & Issues,
51,33431,0,"Best application for instant peronal loan, and credit limit is also too good",Loan,Loan Terms & Features,,
23,37750,3,best applications for bill payment or saving,UPI App,App Performance,,
42,85025,0,best commision and instant withdrawal üåûüåûüåû,Generic,Rewards & Cashback,,
30,96584,0,Best customer service and responsive and helpful customer support can make a big difference in users experiences with the app.,Generic,Customer Support,,
35,67760,1,best ever I used this application.this is excellent application there no problem in the application and smooth run with smooth payment and cashback also there. i hope that it will grow more and in future also,UPI App,User Interface,Rewards & Cashback,App Performance
33,81526,0,"best ever service provider, easy processing and instant loan facilities",Loan,Quick Approval & Disbursal,Application & Onboarding Process,Overall Satisfaction & Utility
29,91814,0,best ever upi app.... üëåüëåüëåüëåü•∞ü•∞ü•∞ü•∞,UPI App,Overall Satisfaction & Utility,,
44,87966,1,Best experience in first loan so fast approval and best app for emergency need.,Loan,App Performance,,
46,22076,1,best for payment method get award on every payment,UPI App,App Performance,,
42,95115,1,best for upi payment üíØ% assured cash real cashback,UPI App,Rewards & Cashback,App Performance,
46,98786,2,"Best loan app , i have seen , great experience, fast approval safe & secure thank you app 😁😁",Loan,Quick Approval & Disbursal,App Performance,Overall Satisfaction & Utility
51,91376,1,"best loan app, easy and quick process for loan... I am truly satisfied 🙏🏼",Loan,Quick Approval & Disbursal,User Interface,Overall Satisfaction & Utility
27,36296,1,"Best of Best apk. Best in all respect. Good upi apk, good experience. Best upi apk I have ever experienced. please introduce payment of hdfc pixel credit card on xyz application.",UPI App,App Performance,Overall Satisfaction & Utility,
47,39657,2,"best payment app get xyz upi coin for get money which we not get in paytm,phonepe,Gpay,Bharat pe,and others upi.",UPI App,Rewards & Cashback,App Performance,
55,15512,2,best payment App in the world .. xyz payment App payment karne ka sabse achha vikalp hai,UPI App,App Performance,,
56,62826,3,Best personal loan applications money gets credited in just 2 days and customer service is best always awesome experience.,Loan,Quick Approval & Disbursal,Overall Satisfaction & Utility,
23,25500,2,best peyment app for reword money scretch,Generic,Rewards & Cashback,,
27,55652,0,best so far the cashback is very much true on every payment,UPI App,Rewards & Cashback,App Performance,
25,59288,2,best upi app for rewards and cashback ü´°,UPI App,Rewards & Cashback,Overall Satisfaction & Utility,
31,79706,3,Best UPI app i have ever seen and used. Very smooth UI and great rewarding for every transaction,UPI App,User Interface,Overall Satisfaction & Utility,
58,65807,0,best upi app which I have ever used. ü•∞ü•∞ü•∞,UPI App,Overall Satisfaction & Utility,,
38,60954,3,best UPI app ü•∞ download now every transaction reward coins receive ‚ù£Ô∏è,UPI App,Rewards & Cashback,Overall Satisfaction & Utility,
38,73193,0,"Best UPI app, easy and fast payment. I like this because I got more rewards, thanks üôè.. xyz., I wish to Everyone should use this..",UPI App,Quick Approval & Disbursal,Rewards & Cashback,App Performance
38,105011,3,Best upi Applicationüëçüèªüëçüèªüí•üí•. Get some reward coins on every transaction. You can invest in digital gold and earn üí•üí•‚úÖ‚úÖ.,UPI App,Rewards & Cashback,Overall Satisfaction & Utility,
32,69217,1,best upi payment app and earning money app,UPI App,Rewards & Cashback,App Performance,
41,16621,1,Bhai log ye xyz upi bahut badiya hai ye app jayeda se jayeda se share kar or download kar thanks xyz upi,UPI App,Overall Satisfaction & Utility,,
39,78495,0,Bhai logo ye application bohot achi h mera loan bohot jaldi approval ho thank you so much,Loan,Overall Satisfaction & Utility,,
47,103315,1,bhaut hi accha aap hi .ribod me qeen ilta hi 10. par 1.rupes.mai ise 5 star deta hu,Generic,Rewards & Cashback,,
48,95644,0,Bhot achi app apni margi se EMI date choose kar skte hai ye sabse achi cheez hai and jab bhi full payment ho loan close krva skte ho best app.,"Loan, UPI App",Loan Terms & Features,App Performance,
56,88549,0,bhut mast app hai par cash back jada dena chiya sir,UPI App,Rewards & Cashback,,
32,11184,2,"Bill Payments & Recharges: Pay utility bills and recharge services directly through the app. UPI Lite: Facilitates quick, low-value transactions without requiring a PIN, ensuring convenience for small payments.",UPI App,User Interface,Loan Terms & Features,App Performance
51,70890,1,Bogus App. Just invite to everyone for PL & don't disburse to any one. Reason not disclosed while rejecting even to applicant also. Purpose nothing to collect sensitive data of users & sale it to or other loan lending companies. please be cautious if processing.,Loan,Criticisms & Issues,,
54,32794,2,bohut hi acha app hai aj tak nahi dekha etna return cash back dene wala,UPI App,Rewards & Cashback,,
45,77409,0,Borrowing up to ₹5 lakhs through app made it easy to handle large expenses.,Loan,Overall Satisfaction & Utility,,
22,13963,1,but share karne pr mujhe kuch nahi mil raha baki to best hai,Generic,Rewards & Cashback,Criticisms & Issues,
42,28764,3,cashback nahi milta Paytm ki tarha aur coin bhi 1 1 coin milta hai,UPI App,Rewards & Cashback,App Performance,
21,116653,2,cashbacks from this app are great compared to other upi apps,UPI App,Rewards & Cashback,,
55,32356,3,coin bohat kam milte hai aajkal pehle achi earning hoti thi pehle jaise jyada coin diya kre company to aur naye coustomer add honge mene 10 se jyada dosto ko joda hai navy upi se ü§©,UPI App,Rewards & Cashback,,
24,27868,1,Coin is convert to Rupees thats a Better experience this application,UPI App,Rewards & Cashback,,
33,41634,2,Customer service was very helpful when I had an issue with my device,Generic,Customer Support,Overall Satisfaction & Utility,
55,58926,0,dear company I want to be for close my other loan and want one application emi . if your company ready for BT foreclose then you can call otherwise please tell to your executive don't call me so many time I need 5 lac amount . if you have them oky,Loan,Loan Terms & Features,,
31,21998,0,early times you get more coins but after some months percentage of receiving coins as cash back becomes very less..other ways this is 1 of the best apps I have been used.,UPI App,Rewards & Cashback,,
37,66311,3,earn coin very poor recieved 1 payment earn coin 50,UPI App,Rewards & Cashback,App Performance,
24,47539,0,Easy loan approval in a few minutes and Additional benefits/ terms. One of the best apps for hassle free loan.,Loan,Quick Approval & Disbursal,Application & Onboarding Process,Rewards & Cashback
44,51254,0,"Easy process, better tenure option provided. Appreciate the support from app team.",Loan,Application & Onboarding Process,Customer Support,
27,13118,1,Easy to get credit then hidden fee interest is not so low compared to other platform best loan app.,Loan,Quick Approval & Disbursal,Loan Terms & Features,
36,53323,0,"Easy to get money at short time and have a low rate of interest , best with the service and have a great customer support. Best about the app is they won't take much time to proceed if the given documents are correct.",Loan,Customer Support,,
35,101766,0,easy to use . and can't face any problem in this app .fast transactions and the process of running the app is so smooth,UPI App,User Interface,App Performance,
34,75249,0,"Easy to use, fast verification, and instant money transfer — perfect for freshers in need. Only issue was I had to call many times to get the loan documents signed. Hope they fix that. Otherwise, great app and highly recommended!","Loan, UPI App",Quick Approval & Disbursal,User Interface,App Performance
22,96977,1,Even friends can disappoint us in the emergency fund request but the app doesn't... Thanks for immediate actions & smooth flow of loan process,Loan,Quick Approval & Disbursal,,
28,10118,3,everyone cool üòé nice payment (AAAAP) üòéüòéüòéüòé,UPI App,App Performance,,
60,115670,2,"Everything good and processing payment method. But, i don't lot off data taken from me, wheather is it safe woth them or not. But app is good prsently.",UPI App,App Performance,,
46,19475,1,Excellent and interesting app and this contains so good content and so..nice information here really wonderful,Generic,App Performance,,
48,95281,1,Excellent and quick loan app.User friendly interface and smooth ui.,Loan,User Interface,App Performance,
23,112599,3,excellent app for coins converted to cash. trusted and useful app helpful to everyone,UPI App,Rewards & Cashback,App Reliability,App Performance
50,54204,2,excellent app for getting instant loans on very low investment and low interest so amazing app yrr,Loan,Quick Approval & Disbursal,Loan Terms & Features,App Performance
56,50109,3,excellent app for upi users plz download the app quickly and win big prizes,UPI App,User Interface,Rewards & Cashback,App Performance
57,39146,2,excellent app this is with a big cashback,UPI App,Rewards & Cashback,App Performance,
60,49433,2,"Excellent app,here, you can foreclose your loan at any time and also access higher loan amounts without any complications.",Loan,Loan Terms & Features,App Performance,
39,33648,3,Excellent app..100% paperless and easy EMI with very less interest rate..Thank u so much app for making my purchase and life easy.,Loan,Application & Onboarding Process,App Performance,
56,79607,3,Excellent experience with app app.... Easy to register and verification within few hours money credited on my bank account. .,Loan,App Performance,,
26,53051,1,Excellent experience with app. Thank you for the help at critical situation.,Generic,App Performance,Overall Satisfaction & Utility,
39,99492,1,Excellent real-time notifications keep me informed of any activity.,Generic,App Performance,,
21,73749,1,excellent service very fast payment safe and secure platform,UPI App,Quick Approval & Disbursal,Customer Support,App Reliability
21,10786,2,excellent upi transaction app. thank you xyz.,UPI App,Rewards & Cashback,App Performance,Overall Satisfaction & Utility
47,22030,2,"excellent xyz,,, 1st day earning coins 131 get rs 13.10 money... I'm so happy üòä everyone will be happy.",UPI App,Rewards & Cashback,App Performance,
49,26309,2,Excellent. Loan was disbursed very quickly.i would love to recommend app for quick and hastle free loans.,Loan,Quick Approval & Disbursal,User Interface,App Performance
46,115153,3,excellentüëç better than gpay and phone pay,UPI App,App Performance,Market Position & Comparison,
52,117874,1,exilent app bhut bhut achha h mere se paise transfer nhi ho rhe the but ise jaise download Kiya turnt ho gya ü§óüíïüíï,UPI App,Overall Satisfaction & Utility,,
31,52664,3,Extremely user-friendly platform. Applying and getting the loan was smoother than I expected. Very well-managed service!!,Loan,User Interface,,
58,41346,3,Fabulous app for online payment.On every payment you will get cashback,UPI App,Rewards & Cashback,App Performance,
25,51988,3,fast and flexi...good app and trusted one...I have closed before starting my 1st month EMI...thanks for the option app.,Loan,Loan Terms & Features,App Reliability,App Performance
22,36242,3,"Fast approval method, money will be credited into your account with no hurdles",Loan,App Performance,,
57,33236,2,fast payment app and really good cash back on the coins üëç,UPI App,Quick Approval & Disbursal,Rewards & Cashback,App Performance
27,55566,1,Fastest loan received Nirmal was very helpful n helped me fill the details was there over the call till completion of the process. Amt received in 20min i recommend this app. Thanks to team.,Loan,App Performance,Overall Satisfaction & Utility,
40,87384,3,first class app üíØ% real money back for coins,UPI App,Rewards & Cashback,,
22,80014,0,first iam login this app I will get coins but present nill,UPI App,Rewards & Cashback,,
35,68317,1,For every transaction i got a lot of coin convert into cash so I thanks to xyz üôè,UPI App,Rewards & Cashback,,
28,60868,3,For the small loan it's truly a great app after continuous using may it give some hefty amount for your need,Loan,Loan Terms & Features,Overall Satisfaction & Utility,
51,114112,1,"For urgent financial needs, this app provides a seamless loan experience. Its quick processing and intuitive design make obtaining personal loans a breeze.",Loan,Quick Approval & Disbursal,User Interface,
41,92994,1,Genuine app and giving cashback all times,UPI App,User Interface,Rewards & Cashback,App Reliability
44,95675,1,"give reward per my 1st 3 transection,ü•≥",UPI App,Rewards & Cashback,,
45,32949,2,good and awesome application for payments..!,Generic,App Performance,Overall Satisfaction & Utility,
50,80223,0,Good and easy navigation. But they given more on mail and approval was less,Loan,User Interface,,
56,39920,3,Good and easy to use app and fast loan disburseal in My account Thanks app,Loan,User Interface,App Performance,
54,14043,1,Good and easy to use app and fast loan disburseal in My account Thanks app,Loan,User Interface,App Performance,
50,49828,1,"Good and fast approval, also good customer care service, they providing good service",Loan,Customer Support,App Performance,
41,35890,0,"Good app ,easy disbursement of money and i suggest to provide the details before cash the loan, this will help to increase loan amount",Loan,Quick Approval & Disbursal,,
32,13778,0,good app for personal loan services. app is a complete and reliable credit solution!,Loan,Loan Terms & Features,App Reliability,
26,57815,3,"Good app for personal loans that can help you fulfill your unexpected needs. Easy application process, minimal documents, and multiple EMI options.",Loan,Loan Terms & Features,,
27,46079,3,Good App got amount in 15 mins after all verification keep up the good work .,Loan,Quick Approval & Disbursal,,
21,38669,3,good app really earning by using the app but not continuing app ü§ë‚ò∫,Generic,User Interface,Criticisms & Issues,
24,94475,0,good app recharge and bill payment.... and earning app,UPI App,Rewards & Cashback,App Performance,
33,29439,0,good app smoothly payment no tension bahut hi Achcha app hai main aap log ko suggest karta hun ya app download karne ke liye aur bahut hi Achcha reward Milta Hai,UPI App,App Reliability,App Performance,
36,73437,0,"Good app, also with zero convenience fees on bill payments. but can you also please add a feature to add custom UPI ids like myname123@xyzaxis as whenever someone makes a payment or we make a payment, they see our mobile number which disturbs our privacy. I will continue using the app if you add this single feature.",UPI App,User Interface,App Performance,
37,90480,2,"Good app, they give loan. Some apps are just nonsense—make us do all the process and don’t give loan. But here, simple and clear step-by-step process. I got loan in less than 10 mins.",Loan,Application & Onboarding Process,,
43,68018,1,Good Application Best part Of Application Any Time Close Loan and Save Our Interest,Loan,Quick Approval & Disbursal,Loan Terms & Features,
30,83625,1,Good application for urgent needs. Very happy with their support and speed.,Loan,Quick Approval & Disbursal,Customer Support,
49,113740,2,Good application muje loan milgaya bahut kaam time k undar thanks fibbe team for your suppoort,Loan,Quick Approval & Disbursal,Loan Terms & Features,
35,91010,3,good appo and useful alot time My life recommend My friends family than k you,Generic,Overall Satisfaction & Utility,,
60,25664,0,"good but the interest rates are fixed, if it's flexible then excellent",Loan,Loan Terms & Features,App Performance,
48,57483,3,good cashback app please maintain the same,UPI App,Rewards & Cashback,,
23,101166,1,Good customer support/ service and quick disbursal. Very good service and interest rate is also good.,Loan,User Interface,Customer Support,Overall Satisfaction & Utility
42,35814,0,good easy to send a money or login this aap,Generic,User Interface,,
36,89982,1,Good experience with this aap. Quick and essy approval and quick disbursement within 6 hours,Loan,Quick Approval & Disbursal,User Interface,Overall Satisfaction & Utility
40,84210,0,Good experience. Easy process and my experience with app with good 😊,Generic,Application & Onboarding Process,Overall Satisfaction & Utility,
49,101528,0,"Good experience.. Smooth process, took very less time to investigate the credentials and loan disbursement ,",Loan,Quick Approval & Disbursal,Application & Onboarding Process,Overall Satisfaction & Utility
36,114620,2,Good experience.Very very good app. Please download to enjoy instant personal loan,Loan,Quick Approval & Disbursal,App Performance,Overall Satisfaction & Utility
52,80254,2,good for upi communication and transaction money,UPI App,App Performance,,
57,109200,1,"good giving cash back. wish that,it should be continuously given cash back by this app",UPI App,Rewards & Cashback,,
46,119940,2,good loan app in online u are good service in online loan super please follow interest,Loan,Customer Support,Loan Terms & Features,
24,94064,2,Good Money App for emergency need cash fast service and good performance.,Loan,App Performance,,
48,68851,2,Good Platform to take loan but its processing fees are very high as compared to other companies. So please decrease the processing fees.,Loan,Loan Terms & Features,Criticisms & Issues,
52,83195,3,good pymnt app with cashback with per transaction,UPI App,Rewards & Cashback,,
21,35245,2,good service nice experince cashback instantly withdraw ü•≥ü•≥,UPI App,Rewards & Cashback,Customer Support,
56,37610,2,"Good service, easy loan, instant credit in cash bank. Solved my problem easily ❤️❤️",Loan,Customer Support,,
37,44601,0,good xyz UPI best apps hai aap bhi download kijiye aur labh uthaiye,UPI App,Overall Satisfaction & Utility,,
49,67783,0,"Got ₹60,000 through app app in less than 10 mins. Best online loan app with minimal documentation. Highly recommend!",Loan,Application & Onboarding Process,Overall Satisfaction & Utility,
36,62288,3,"Got the amount in my account within 10 minutes. No paperwork, no office visit. Just downloaded the app and done.",Generic,Quick Approval & Disbursal,Application & Onboarding Process,
22,79330,0,Granted cash back for all UPI Nice app All can try this,UPI App,Rewards & Cashback,,
29,43536,3,"great app but, i paid all emis always on time, now showing i am not eligible, i want loan immediately pls help.",Loan,Overall Satisfaction & Utility,Criticisms & Issues,
44,58056,2,Great app easy process and most convenient way to get loan. Works as life saver in emergency situation,Loan,Quick Approval & Disbursal,Application & Onboarding Process,Overall Satisfaction & Utility
31,97053,0,Great app for instant loan for needs and fastests loan approval and easy documentation. Ones approach we dnt need to ask any one for money and very polite costomer support,Loan,Quick Approval & Disbursal,Customer Support,App Performance
38,97742,1,"Great app for personal loans! Quick KYC, fast disbursal, and Additional benefits/ terms process. Highly recommended for anyone in urgent need of funds!!",Loan,Quick Approval & Disbursal,User Interface,Rewards & Cashback
38,81995,1,Great app for UPI payments and very easy to use. ‚ò∫Ô∏è,UPI App,User Interface,Rewards & Cashback,App Performance
41,107729,3,Great app loan amount received very fast Interest rate is very less comparing to other brands,Loan,App Performance,Overall Satisfaction & Utility,
44,89381,2,"Great app so easy to use and best personal loan, quick withdrawal without any income proof. Timely payments will boost you cibil score also.",Loan,User Interface,App Performance,Overall Satisfaction & Utility
42,13046,1,Great app with easy to use interface and quick verification along with good limits,Loan,User Interface,Overall Satisfaction & Utility,
48,15451,2,Great app. Easy process. Got cash when I needed it urgently. Thanks to the app team—kudos to you guys.,Generic,Application & Onboarding Process,Overall Satisfaction & Utility,
52,22403,3,"Great application, quick and easy process. Best experience , received amount on same day. I am happy to get my requirement quickly fulfilled. Thanks app",Generic,User Interface,Application & Onboarding Process,Overall Satisfaction & Utility
41,106622,2,great appreciation really great paytm google pay phone pe ka itna use kro uske baad bhi koi benifit nahi milta iss pr to 1 rs ka payment bhi kro to instantly cash back receive and get cash option,UPI App,Rewards & Cashback,App Performance,Overall Satisfaction & Utility
27,119819,0,"Great experience with app loan app, I checked with many applications but I got rejection. This is the really appreciable app to provide me loan of INR 50,000. It's my second time I applied for loan on this grateful app.",Loan,Overall Satisfaction & Utility,Market Position & Comparison,
25,81924,0,"Great experience with fibre, user friendly interface, instant approval no Waiting like other apps, disbursement within few steps.",Loan,Quick Approval & Disbursal,User Interface,
29,56181,0,Great Help by app App..Easy for Getting loan. And its very quick process,Loan,User Interface,,
27,62778,2,"Great loan app! It has exciting offers like cashback & rewards! It's power loan feature is commendable. Any one can get high amount loan instantly with monthly installment. I like this. The app is user friendly, simple, smooth and speedy. Easy to navigate. For those seeking instant Ifunds, this is the app for you. It deserves five star.","Loan, UPI App",User Interface,Rewards & Cashback,
32,50683,2,Great service for the urgent requirement of money these only the app which help you within mints the money disbursed in your Account.,Loan,Quick Approval & Disbursal,User Interface,
42,15065,1,great this is amazing app to easy pay to everyone so tanku,UPI App,App Performance,Overall Satisfaction & Utility,
39,84550,1,Great User Interface and gives Great Cashback on every Transaction!!! Loved It! üåüüåüüåüüåüüåü,UPI App,Rewards & Cashback,,
46,110244,3,great üëç app my first reward 100 rupees I'm ho happy üòä thank you so much xyz upi üëçüòä,UPI App,Overall Satisfaction & Utility,,
27,94458,3,gud app but collect coin give no more only 25 point under given but show on the add see 100 collect point,UPI App,Rewards & Cashback,,
43,84284,0,Had an excellent experience using this app... So easy to get loan in just minutes. Thank you team.,Loan,Quick Approval & Disbursal,App Performance,Overall Satisfaction & Utility
49,18006,3,Hey guys i have download this loan app for emergency amd got loan in a minutes time,Loan,Quick Approval & Disbursal,,
21,35009,2,"Hey xyz, team, Kudos to your team ,your app is superfast, so convenient to use. I am using it for many days and I am loving it. One shortfall I see in the app is security . xyz app does not provide any app lock feature just like Google pay or paytm. if you guys can put it in, it would be so safe and secure in case the phone is compromised.","Loan, UPI App",Application & Onboarding Process,App Reliability,App Performance
43,109176,2,Hi app i am your costam you have blocked to my Account is i am re loan expect to your app !,Loan,Customer Support,,
50,14934,0,"Hi Team, the cash transfer was in seconds... A great app, a great user interface. It helped me a lot...Well done team. 5 stars for you.",UPI App,Overall Satisfaction & Utility,,
55,118279,1,"hi team,, please fix my prblm,, today is due date, and it is disabled to pay,, please ,, no help desk as well",UPI App,Customer Support,App Performance,Criticisms & Issues
21,62367,3,"Hi, Not Bad good application.. üòÉ I like this app üëç good work i need the coin all' so..üòçüòçüòçüòç",UPI App,Rewards & Cashback,,
22,40580,3,honestly I installed this app before some 2 months or lil more but I have won upto 70 rupees now i don't use other upi or mpay very often i m loving it,UPI App,App Performance,,
24,28524,2,"However, like any financial service, it's essential to carefully review terms and conditions before proceeding. Overall, app is a convenient choice for those seeking a hassle-free borrowing experiences",Loan,Application & Onboarding Process,,
55,105390,0,"HUGE CASHBACK..!!! xyz gives highest cashback on most of the UPI payments among all upi apps. Only one thing that could be better, that is its interface. homepage may be more clean, more dynamic and less Chirping.(there are too many icons, banner on homepage)",UPI App,Rewards & Cashback,App Performance,
31,11180,2,Humne ek log ko refer Kiya or uski I'd bhi banai sab kuch details bhi bhar diya Pr mujhe chasback nhi diya baki paise bhejne me kuch koi to mil jati hai ye sahi hai,Generic,Criticisms & Issues,,
37,98136,0,"I , have use ing months nice xyz UPI aap har payment par rewards use xyz UPI aap mast aapüì≥üì≥üì≤üè¶üè¶",UPI App,Rewards & Cashback,App Performance,
29,72299,0,I am empress xyz Upi apps and government app no froud app please trust me,UPI App,Security & Privacy,,
36,64609,3,I am giving 4 stars only because app helped me during my hard time and I agree to the fact that there was a delay of 2 days in the repayment of 2nd last EMI. And now that it's been 2-3 months the loan is closed. I'm unable to take a new loan. it's really disappointing. No-one borrows money without a reason.,Loan,App Performance,Overall Satisfaction & Utility,
25,108292,2,"I am glad I chose app app for personal loan. I applied for 1,30,00 for medical emergency and they approved my loan. Loan processing was very easy and comfortable. Repayment options are also good.",Loan,App Performance,,
53,71364,3,I am happy 😊 exllent service provide thanks app easy and instunt loan provide,Loan,Quick Approval & Disbursal,,
39,115441,1,I am really impressed in using this app xyz Coins content is great everyone earn coins every marchent payment,UPI App,Rewards & Cashback,App Performance,Overall Satisfaction & Utility
42,102737,1,I am so happy because every transfer it give some coin,UPI App,Rewards & Cashback,Overall Satisfaction & Utility,
47,98564,0,"I am using app Loan App and have had positive experience. The application is user-friendly and the loan process is fast. The interest rates are reasonable, and the customer support is responsive, and I would recommend this app to others.",Loan,User Interface,Customer Support,App Performance
35,40168,2,"I am using this app and trust me, on every transaction they gives you coins around 10 - 1000 coins. Which we can convert into money. 10 coins = 1 rupees. Keep going @xyz, Thanks",UPI App,Rewards & Cashback,,
54,87065,1,I am using this app past 3 to 4 month. it is very good application for money transfer. All transactions this app giving some rewards. This app is realiabe and good.,UPI App,Rewards & Cashback,App Performance,Overall Satisfaction & Utility
56,116326,2,i am using this app this app is insane and having good working features.,Generic,App Performance,,
59,52880,2,I am very happy 😁 so this is awesome app ye app hme har bar meri musibato se bahar nikal me madat kiya hai ishi liye tahe dil se thanku so much for app,Generic,Overall Satisfaction & Utility,,
52,101505,1,I am very happy to use app loan app. Extremely easy process and disbursement in a minutes. Thanks a lot app. .,Loan,Quick Approval & Disbursal,Application & Onboarding Process,
51,75977,3,"I am very happy to use xyz app, this is the first time in my life that I have found such an app, xyz is better than PhonePe, thank you üåüüåüüåüüåüüåü",UPI App,Overall Satisfaction & Utility,Market Position & Comparison,
25,108654,2,I am very happy. xyz app is one of the best money ü§ëüí∞ transfer app it gives more rewards in every transaction.,UPI App,Rewards & Cashback,,
28,45726,2,I am very thankful to app.... the time nobody helped me app helped me,Generic,Overall Satisfaction & Utility,,
58,119894,3,I been using app for this day I was so easy to use and the efficient hello hello,Generic,User Interface,,
36,26974,1,"I can't verify my mobile number in order to verify the upi services, i uninstall xyz app and then install several times in a month, even though I updated mobile software but your app is not working. xyz team addressed my concern solved the same now, and assure me that such problems will not incur in future. I am greatful to them for their support in solving the problem.",UPI App,Customer Support,Loan Terms & Features,App Performance
43,78580,3,I didn't see any type of app before who gives real cash back in every transaction üôèüèªüíñ fantastic application recommend everyone to use this application for your online transaction,UPI App,Rewards & Cashback,Overall Satisfaction & Utility,
25,114299,3,I faced no issues while using this app. The loan was approved and disbursed within 10 minutes. Very impressive!!,Loan,Quick Approval & Disbursal,,
30,61703,0,"I had a great experience in the app, it was so simple & quick method to get a loan in the app. I recommend to other peoples who all are in urgent need of money. Excellent app 👍",Loan,Quick Approval & Disbursal,User Interface,App Performance
29,54333,3,I had applied loan through app but within few minutes I got the amount in my bank account. Based on your credit report limit and did the verification in the smooth way.,Loan,Quick Approval & Disbursal,,
37,42636,0,i have 5 star application si very good but 5 time loan provider but 2 year my loan rejected please offer me fast,"Loan, UPI App",App Performance,Overall Satisfaction & Utility,
24,69335,0,I have been using the app app for a long time now and it's been life saver. One of the in best personal loan application on Play Store..,Loan,Overall Satisfaction & Utility,,
41,64482,0,"I have been using this app for many years, it's very useful and always helps me in my urgent needs.",Loan,Quick Approval & Disbursal,,
36,79323,0,"I have been utilizing this application for over seven years and have consistently paid my EMI on time. Recently, I closed my loan to qualify for a higher limit. However, it now indicates that I am not eligible. I am uncertain as to why this is the case. Regardless, it was an excellent application during my usage.",Loan,App Performance,Criticisms & Issues,
35,90102,0,I have never this type of cash backs üëçüèª,UPI App,Rewards & Cashback,,
48,71754,1,"I have opted to try this for an emergency need, I was amazed that the process was so easy and I was able to get the credit in no time.... They also provide an option to withdraw the required amount needed from the limit.... Which is similar to a credit card.. Rate of interest is also moderate compared to credit cards... Would love to recommend this app to anyone who is in dire need... 5star rated very great app",Loan,Quick Approval & Disbursal,User Interface,Overall Satisfaction & Utility
32,23528,1,"I have using app application since 2 years. I have paid every emi on time. They also increased my limit. If your credit history is good, you will definitely get loan. They will never Harrass you, just pay your bills on time!","Loan, UPI App",App Performance,,
41,67463,2,I just love this app always getting more increase and this is just great always love app🥰,Generic,Overall Satisfaction & Utility,,
50,114777,2,i like this app app because i can get upto 5 lakh loan and it is soo fast and easy thanks!,Loan,App Performance,,
49,117734,1,"I liked how app offered a loan tenure that fits my budget, making repayment easy and not stressful on my finances.","Loan, UPI App",Loan Terms & Features,App Performance,
21,92101,2,I love my xyz upi my best ........ point of payment üèµÔ∏èüèµÔ∏èüèµÔ∏è,UPI App,App Performance,,
44,39544,3,I love that app doesn'scontact friends or relatives for repayment. It's a respectful and customer-centric approach,Loan,App Performance,,
24,32134,2,"I love this app , so fast , convenient and love the coins",UPI App,Application & Onboarding Process,Rewards & Cashback,App Performance
52,48822,3,I love this app and this app is fantastic for UPI payments..But one disadvantage in the app is..App is available only in light theme .If we use dark theme they not clearly visible ..So my request is we want dark theme for use in next update,UPI App,Rewards & Cashback,App Performance,Overall Satisfaction & Utility
56,108213,2,I love when I received cashback ü§©ü§© nice app for UPI transaction ü§©,UPI App,Rewards & Cashback,,
33,42323,0,I loved this app because it's UI is very simple and easy to use. I get more cashback as compared to normal app.,UPI App,User Interface,Rewards & Cashback,
49,67215,3,I loved this app because very simple way transaction easily I have been used this app since 1 month perfectly work you have get some reward and get more money in this xyz app üëçüíØ,UPI App,User Interface,App Reliability,
26,67864,3,I must say the interface of the app is very fast and easy.. the amount gets transferred instantly,UPI App,App Performance,,
22,52078,1,"I personally liked this application very much it's very user friendly and very easy and simple, atleast I get something in return in mode of payment other than some useless vouchers they pay in cashback so uninstalled all upi's in my phone now xyz is all in one stop solution for me.",UPI App,User Interface,Rewards & Cashback,App Performance
38,62445,2,I really Like app....!!!! It helped me to Repay my Other EMI on time.. Just applied in the morning and Everything done before the Afternoon like real Magic..!!! Thank you Aapp For the personal Loan..!!!,Loan,App Performance,Overall Satisfaction & Utility,
33,45265,1,"I really like it because they were qui transfer app funds with no sweat, overall h recommended this app for anyone in need o instant financial assistance or seamless money transfer",UPI App,Quick Approval & Disbursal,User Interface,Overall Satisfaction & Utility
31,92539,1,I really like this software and I am using it all the time üòÑüëç paym and google pay are useless in front of this download and get cashback every time ü§ò,UPI App,Rewards & Cashback,App Performance,
42,95535,0,"I really want to thank you app ,my loan was rejected from all the banks I know you charge a lot of interest rates but you saved me at the time of my marriage by increasing my loan limit . I'm really thankful",Loan,Overall Satisfaction & Utility,Criticisms & Issues,
35,100888,2,"I recently downloaded this app. My experience is undoubtedly awesome. This is an instant loan app, love this app so much",Loan,Quick Approval & Disbursal,Overall Satisfaction & Utility,
35,75899,0,"I recently downloaded this app. My experience is undoubtedly awesome. This is an instant loan approval, love this app so much",Loan,Quick Approval & Disbursal,Overall Satisfaction & Utility,
56,89310,1,"I recently used the app (formerly EarlySalary) app to apply for a personal loan, and I must say, the experience was incredibly smooth and hassle-free. From start to finish, app truly delivers on its promise of instant credit.",Loan,Application & Onboarding Process,,
43,26623,3,I recently used the app and really satisfied with the personal loan app.,Loan,Overall Satisfaction & Utility,,
49,96145,2,"I recently used the app app to get a personal loan, and I am extremely impressed with the Experience.The process was very Quickly and With in 10 minutes Disburse the Loan Amount.",Loan,Quick Approval & Disbursal,User Interface,Overall Satisfaction & Utility
50,47401,1,I recently used this loan application to consolidate my debt and I am extremely satisfied with the experience,Loan,Overall Satisfaction & Utility,,
52,18283,1,I recommend to everyone who needed a loan on urgency. It takes hardly 2 to 3 hours to take a loan amount in my bank account after installing the application. I installed this app around 5.pm and now this is 7 :15pm . I get the loan amount in Bank. Very fast and helpfull,Loan,App Performance,Overall Satisfaction & Utility,
31,70419,3,i said best app because this app detecte a scam phone numbers and give warnings to me I am safe when this app not say number is scamer number then I will lost my 700rs that's why I said this app is best üòä.but,Generic,Overall Satisfaction & Utility,,
23,54672,1,"I sincerely appreciate the exceptional service provided by app. Their quick and Easy/ flexible loan approval process, approving and disbursing funds within just 10 minutes—was a real lifesaver. Even more impressive was how they made it easy for me to apply for a new loan immediately after I cleared my previous dues. This kind of efficiency and support truly sets them apart. Thank you for being a reliable financial partner when I needed it most!",Loan,Quick Approval & Disbursal,User Interface,Customer Support
40,64999,2,I swear on my life this is really cool app..arey yaar every payment pe scratch card you get xyz coins and most beautiful thing is you can convert those coins into real cash and withdraw instant and get into your account..thank you xyz app..,UPI App,Rewards & Cashback,App Performance,Overall Satisfaction & Utility
55,78726,1,I took a loan using this app. It has a very good user experience. The money was disbursed within a few minutes after approval. Thanks.,Loan,Quick Approval & Disbursal,Overall Satisfaction & Utility,
32,53737,3,I tried many apps but this one is having good interface also having payment option via cred which makes it more spectacular. I had taken loan of 20k and cleared preclosed in 2 days with minimal charges. Which was quite fair to be honest. They helped me during my tough times. To be very honest it is the the most smoothest procedure to procure loan instantly. Thank you,"Loan, UPI App",User Interface,App Performance,Overall Satisfaction & Utility
43,98129,0,I use this app this application was brilliant about a reward ‚ò∫Ô∏è real cash back this app was very very nice upi app,UPI App,Rewards & Cashback,Overall Satisfaction & Utility,
36,113533,1,"I used the app , the app is smooth and very nice , I also received the personal loan that I want , really appreciate this app ❤️",Loan,Quick Approval & Disbursal,User Interface,
37,80937,0,I used this app recently it's good experience and quick response from the team and very user friendly support.,Generic,User Interface,Customer Support,Overall Satisfaction & Utility
39,94388,2,I was searching for a personal loan and this instantly came to my phone am sure the universe helped me through them... Thank you guys for giving me less emi 🙏,Loan,Loan Terms & Features,Overall Satisfaction & Utility,
44,87771,0,"I‚Äôve been using the xyz UPI App for the past few months, and my experience has been nothing short of excellent. From the moment I installed the app, the interface impressed me with its simplicity and ease of use. The clean design, minimal ads, and smooth xyzgation make it one of the best UPI apps I‚Äôve come across. What sets xyz apart is its speed and reliability. Whether I‚Äôm sending money to friends, paying merchants, or scanning QR codes, transactions are processed almost instantly.",UPI App,App Performance,Overall Satisfaction & Utility,
50,98699,1,I'm give 5 star great app very smooth or very fast secure payment app I'm recommended this app for my social media accounts because this app really providing cashback xyz One Of The Best UPI app I'm prey this app running fast and some days coming India's Top UPI App xyz Best I Love you xyz UPI ‚ù§Ô∏è‚ù§Ô∏è‚ù§Ô∏è‚ù§Ô∏è‚ù§Ô∏è‚ù§Ô∏è‚ù§Ô∏èü•∞ü•∞ü•∞ü•∞üëçüëç‚ù§Ô∏è‚ù§Ô∏è Thanks dear,UPI App,Rewards & Cashback,App Performance,Overall Satisfaction & Utility
52,25478,2,I'm quite happy with this app. The entire procedure is easy and very convenient.,Generic,User Interface,Application & Onboarding Process,
53,108608,1,"I'm really impressed with this loan app! The application process was quick and easy, and I received my loan funds in no time. The interest rates are reasonable, and the repayment terms are flexible. The app is user-friendly, and the customer Support team is responsive and helpful. I've had a great experience with this app, and I would definitely recommend it to anyone looking for a reliable loan solution",Loan,User Interface,Customer Support,Loan Terms & Features
44,42718,2,"I've been using app since they launched. I find the app easy to use and very user-friendly. The payment options are simple and quick, too. They have a wide range of services that you can choose from including mobile recharges, bill payments, money transfers (within India), etc.",UPI App,User Interface,Loan Terms & Features,App Performance
55,91027,2,"I've been using this UPI app for the past few months, and it‚Äôs been incredibly reliable and easy to use. Transactions are fast, and the interface is clean and intuitive. I like how I can link multiple bank accounts and check my balance instantly. The QR code feature makes paying at stores super convenient. So far, I haven't faced any issues with failed payments or delays. Highly recommended for anyone looking for a dependable digital payment app!",UPI App,User Interface,Application & Onboarding Process,App Reliability
32,52852,2,I’ve tried many apps but SimplyCash is the best in terms of speed and reliability. Got my loan within minutes!!,Loan,Quick Approval & Disbursal,,
48,56528,3,"Iam really impressed with this loan app the application process was quick and easy,the interst rate are responsible ,the app is user friendly ,and I would definitely recommend to anyone",Loan,User Interface,Overall Satisfaction & Utility,
24,34100,3,iam very thankful to this app why because when I was there is a no help of in my village app was helping me thank you so much 🤝....,Generic,Overall Satisfaction & Utility,,
60,75931,0,If you are consistent in giving me cashbacks i will have no options to use other platforms.,UPI App,Rewards & Cashback,,
37,39848,2,"if your credit profile is good enough then this is the excellent app for quick money,",Generic,User Interface,App Performance,
33,58738,0,Important application all the most trusted personal application and fantastic future available,Generic,App Reliability,,
32,72229,3,In this difficult situation best solution of app app is best for you,Generic,Overall Satisfaction & Utility,,
36,68095,0,India no 1. App and 100% India top no 1 online payment app ü•∞ü•∞ü•∞,UPI App,App Performance,,
23,104885,0,Indian best pement application ü•∞ü•∞üòçüòç,UPI App,Rewards & Cashback,,
44,71924,0,Indian tranding xyz app UPI P very very nice üëç app,UPI App,Overall Satisfaction & Utility,,
45,86449,0,Instant approval for my loan request. User-friendly interface. Competitive interest rates. Great option for short-term financial needs.,Loan,User Interface,,
37,23042,0,Instantly paying one of the best apps I have ever found!,Generic,App Performance,,
36,70997,1,Interface is really nice and the xyz coins add on as the cherry on top.,UPI App,Rewards & Cashback,,
45,30654,2,is very good I like this best upi payment,UPI App,Rewards & Cashback,App Performance,Overall Satisfaction & Utility
54,92922,2,isase badhiya UPI app mujhe jindagi Mein nahin mila,UPI App,Overall Satisfaction & Utility,,
57,11902,2,isme real case price milta hai it's deserve 5 star,Generic,Rewards & Cashback,,
53,114769,1,It can be better But my total experience was far better than other apps app is much better,Generic,App Performance,,
29,17650,1,"it had a little higher interest rate as compared, but service does cost more. very satisfied for recommending to colleagues.",Loan,Overall Satisfaction & Utility,,
46,61219,3,it is a good app to pay because because this app pays reward for every transaction and that's reward was real and,UPI App,App Performance,,
58,94709,2,it is a great app to use and i would definitely recommend it to others,Generic,Overall Satisfaction & Utility,,
23,42073,3,it is a great app which helped us alot by getting the amount instantly and the great part is they offer top up loans as well..truly appreciate the team..,"Loan, UPI App",Loan Terms & Features,Overall Satisfaction & Utility,
54,19887,1,It is a very convenient and user friendly application.. You can get loan in few steps. And the most important things is interest charges by app.. interest is quite low than other apps,Loan,User Interface,Application & Onboarding Process,
31,35890,3,"It is a very good app, payment is fast and you also get rewards, so I would say download this app too.",UPI App,Rewards & Cashback,App Performance,Overall Satisfaction & Utility
57,50376,3,"It is a very good app, xyz fast transfer and cashback is available in the app",UPI App,Rewards & Cashback,App Performance,Overall Satisfaction & Utility
34,45483,3,It is a very good application. I use it for every payment. I have been using it for a long time and I have not faced any problem till now.Payment is done very easily and you also get reward on every payment ‚≠ê‚≠ê‚≠ê‚≠ê‚≠ê üòÄ,UPI App,App Performance,Overall Satisfaction & Utility,
24,34924,0,it is a very good loan app. It provides instant loans and has a very good service.,Loan,Quick Approval & Disbursal,Customer Support,Overall Satisfaction & Utility
32,55696,3,It is amazing app..now a days no one given single rupee for our needs...but this app is given..I personally thank u for given money with fast disbursal time and full filling my needs thanks a lot...,Generic,App Performance,Overall Satisfaction & Utility,
41,66940,0,it is best and trusted app please download it fast you will won 100 Rs on any payment it doesn't matter ki the. payment is of 1Rs of upto 1crore,UPI App,App Reliability,App Performance,
25,114529,1,It is really good application. Instant Loan Approval process. Good communication team . I am very thankful to app team .,Loan,Quick Approval & Disbursal,,
39,48424,1,"It is simple and straightforward, and you get cashback instantly",UPI App,Application & Onboarding Process,Rewards & Cashback,
38,94140,0,it is the buddy for me who always helps in the problem. easy access and,Generic,Overall Satisfaction & Utility,,
33,97574,0,IT IS THOUSANDS TIME BETTER FHAN ANY OTHER UPI APP BECAUSE IT GIVE YOU SOMECASH BACK ON EVERY TRANSACTION LITERALLY ON EVERY TRANSACTION N I M HIGHLY SATISFIED,UPI App,Rewards & Cashback,Overall Satisfaction & Utility,
54,72471,1,it is useful and every time received coin so download itüëç,UPI App,Rewards & Cashback,Overall Satisfaction & Utility,
37,19875,3,It is very easy to avail a app loan on your credibility. Hassle free.,Loan,Application & Onboarding Process,,
57,107729,1,"It is very good app for the Instant loan ,,which I got credited the loan amount within 5 mins , with few easy steps 👏🏻👏🏻",Loan,Quick Approval & Disbursal,App Performance,Overall Satisfaction & Utility
45,16214,2,"It is very good app, finally recommended everyone has used the app.",Generic,App Performance,Overall Satisfaction & Utility,
49,96782,1,it is very good application for loan and financial problem done this apps and I like this type of item and more people for successful,Loan,App Performance,Overall Satisfaction & Utility,
26,23285,2,"It is very good, the money came in handy during the financial crisis, thank you.",Loan,Quick Approval & Disbursal,Overall Satisfaction & Utility,
37,62361,0,it provide decent reward which is greater than any other upi,UPI App,Rewards & Cashback,,
25,33498,2,It takes only 1-2hours to disburse my amount.. and easy to process. .,Loan,Quick Approval & Disbursal,,
54,47224,3,It very good app i recommend this app they will satisfy ðŸ’¯ percent,Generic,App Performance,Overall Satisfaction & Utility,
21,40884,2,"It was an excellent app—truly quick, and the amount was transferred immediately.",UPI App,User Interface,App Performance,
31,26265,0,it was great experience the disbursement is very quick and all the steps followed are very easy to understand,Loan,Quick Approval & Disbursal,User Interface,
59,71941,0,It was superb experience till now and I need same service from app thanks a lot,Generic,Overall Satisfaction & Utility,,
35,77543,3,It was very easy process and intrest rates are really low as compared to competition. The money was credited within seconds. Repayment option is very easy with affordable EMI. I have used multiple loan apps. app is one of the best,Loan,Application & Onboarding Process,App Performance,
27,52795,0,It was very fast in just 15 minutes it got verified and amount got disbursed... really amazing...5 star,Loan,Quick Approval & Disbursal,App Performance,Overall Satisfaction & Utility
29,56269,0,It was very fast process. Didn't take much time for disbursal of amount,Generic,App Performance,,
49,55259,0,It was very seemless process got amount disbursed within 30 mins nice application for loan till now thanks .,Loan,Quick Approval & Disbursal,,
37,22400,1,It was very smooth process and initially amount was credited with no time after processed thank you app !!,Generic,Application & Onboarding Process,Overall Satisfaction & Utility,
42,77106,0,it's a good app for easily payable emis which was having low rate of interest compared to other apps.we can trust the app since it is Nbfc approved. i am not able to apply the loan from last 2 ys even though i paid well in advance. please look into the issue.,Loan,App Performance,Market Position & Comparison,
43,111127,1,It's a nice app & I have got the loan with in half an hour Thank you app,Loan,Overall Satisfaction & Utility,,
29,98716,2,it's a nice application and for every payment you will get points,UPI App,App Performance,,
21,36013,2,It's a really superb app aap bure waqt ka sath only and only app aap please go for it you will really get the help thanks Anita madam for giving me the app company information 🙏🌹,Generic,Overall Satisfaction & Utility,,
47,49779,0,it's a super aap. got 448 cash back already,UPI App,Rewards & Cashback,,
33,46000,2,It's a very good apps for instent money problem. They help me with in 2 hr.its very easy to take money. Thanks,Loan,App Performance,Overall Satisfaction & Utility,
54,28820,0,it's actually good . I use it for making payment. little slow still good,UPI App,App Performance,,
60,33099,3,it's amazing to use tq so much dear # xyz pay,UPI App,App Performance,Overall Satisfaction & Utility,
36,80098,3,It's awesome online payment I just love it,UPI App,App Performance,Overall Satisfaction & Utility,
29,93904,3,"it's easy to get credited ur loan to ur account, not much process. Easy to use.",Loan,User Interface,,
33,61346,0,"It's good , The user interface is very friendly. No bugs or delays, just direct Point to point details. No misleading information.It Can be trusted and Good returns on upi transactions",UPI App,Rewards & Cashback,App Reliability,Criticisms & Issues
31,58090,0,It's good there is very simple process and fast disbursed available here I like it so much,Loan,Quick Approval & Disbursal,Application & Onboarding Process,App Performance
27,83508,0,it's gud application cash back option is best idea,UPI App,Rewards & Cashback,,
43,79700,1,"It's interface is user friendly and has various options for taking loan which is also instant , the overall experience of the app was good 😊",Loan,User Interface,,
45,116204,3,it's is a good transfer appp having good cashback,UPI App,Rewards & Cashback,,
40,103754,1,it's is a very good app for earning cash rewards I like it thanku xyz,UPI App,Rewards & Cashback,App Performance,Overall Satisfaction & Utility
43,93544,2,it's nice payment option and it's only the option of good reword,UPI App,Rewards & Cashback,App Performance,
48,86173,1,it's one of the best UPI payment of my experience.. it's provided a lot of rewards on each payment ‚ô•Ô∏è,UPI App,Rewards & Cashback,App Performance,
25,33892,2,It's one of the best UPI. More importantly it's made in india.,UPI App,Overall Satisfaction & Utility,,
46,37528,2,it's really a good and secure application and each transaction u will get something,UPI App,User Interface,,
52,10901,2,"It's really excellent app. I have recently taken loan from this app and I was very impressed with their services. Very simple and quick digitally process. No need to go anywhere and any branch. After processing the Loan, the loan was disbursed within 2 hours. My suggestion would be to use app app for emergency fund. Really it's very thanks fully app.",Loan,Quick Approval & Disbursal,User Interface,Loan Terms & Features
53,57939,3,it's really good app. this app gives easy cashback in every payments. this app is easy to use. I am satisfied with this app üòÅüôÇ,UPI App,User Interface,Rewards & Cashback,App Performance
21,20258,1,it's really good. it helps me a lot to clear my financial needs wen it's required. thank you app,Generic,User Interface,Overall Satisfaction & Utility,
26,39108,0,It's sometimes Gives Large amount of Coins but Sometimes Zero . I mean when I make a big payment then it will give me zero and on small payment it gives extra coins ü§£ü§£,UPI App,Rewards & Cashback,App Performance,
23,38414,2,"It's very amazing experience on this application... They are very fast and their customer service is excellent.. Easy to get instant personal loan. Such a wonderful application, very easy and quick process,",Loan,Quick Approval & Disbursal,User Interface,App Performance
29,71440,3,It's very easy use and loan & increased on time payment. Overall very good experience easy to use it has less process to get loan.,"Loan, UPI App",User Interface,App Performance,Overall Satisfaction & Utility
56,57502,0,it's very good and very trustworthy app ! I have always relied on app during my difficult times ! thank you 😊,Generic,Overall Satisfaction & Utility,,
37,52294,2,"It's very good app regarding financial terms and it is easy to use, within 4-5 steps your work will done. Feeling great to use this app 🙂",Generic,User Interface,App Performance,Overall Satisfaction & Utility
33,81555,0,it's very good l am getting a reward from this app,UPI App,Overall Satisfaction & Utility,,
35,98637,3,it's very nice easy money transactions,UPI App,User Interface,,
29,63975,0,its a very satisfying upi aap ..Give 100% cashback on every transaction üíØüíØ,UPI App,Rewards & Cashback,,
38,11654,1,its clear & accurate i have taken loan behalf of Tatahealth insurence . its A smooth experiance,Loan,User Interface,,
42,73883,1,its really helpful for me ... thnx app for your services and for loan that you provide me ..one of the best app I have used for loan purpose! 😊,Loan,Loan Terms & Features,,
45,101266,1,jab se xyz app Kiya hu supar fat pement hota h or parsentj bhiil ta htenku xyz aapko bhi karna chahiye,UPI App,Rewards & Cashback,,
45,96817,0,just downloaded the app app for my Phone and am loving it It's the best app have seen by far The interface is really well designed.,Generic,User Interface,,
22,108021,0,just one word superb payment method at this time ‚ù§Ô∏èüòç,UPI App,App Performance,,
39,27000,2,"koi bhi application customer ko jyada Se jyada reward point deti Hai to Ham grahak usi ko jyada use karte hain yah Mera manana hai,isliye Mera xyz app ko saggestion Hai ki aap grahak ko har transection par jyada Se jyada reward point De dhynwad xyz teams",UPI App,Rewards & Cashback,,
56,74808,1,"Kudos to the developers! This app is exactly what I was looking for – fast, safe, and simple to use!!",Generic,App Performance,,
22,27011,2,"l've tried several personal loan apps in the past,but non have immpressed me as much as this one. The app offer competitive interest rates allows me to customize my loan amount and repayment tenure according to needs.....","Loan, UPI App",App Performance,,
52,69064,0,like the app smooth payment transfer and also allow free cash for referral overall a good app,UPI App,Rewards & Cashback,App Performance,
60,115343,1,Loan against mutual funds interest rate achha tha compared to others.,Loan,Loan Terms & Features,,
41,34643,3,"Loan amount milne ke baad kaafi choices hain, apne needs ke hisab se select kar sakte hain.",Loan,Loan Terms & Features,,
58,110239,2,Loan app is worth app. We can get an instant personal loan within minutes. Highly recommended app,Loan,Quick Approval & Disbursal,Overall Satisfaction & Utility,
52,19822,3,loan esthara evara urika 33000 in just one click ani msgs mathram pampakande vedio call radu em ledu ani saralu click chayali,Loan,,,
21,23256,1,"Loved the App, there are no transaction failures earning xyz Coins everyday and my suggestions are please bring dark mode and NCMC Card recharge in this app",UPI App,User Interface,Rewards & Cashback,
35,37062,2,Mai xyz upi app se bhut satisfied hu or ik suggestion bhi dena chta hu please provide Bsnl prepaid recharge plans on your platform.,UPI App,Overall Satisfaction & Utility,,
49,54314,0,"maine app se loan liya hai, aur wo kredit bee par bata raha hai to mujhe samajh nahi aa raha ki mai emi kaha se paid karu",Loan,,,
29,19554,0,Mavi UPI is the best UPI I have experienced from sip to investing and payment to cashback all is very much good üëç,UPI App,Rewards & Cashback,App Performance,
34,63592,2,me aur logo ko battonga xyz UPI ke bare me love you xyz,UPI App,,,
22,38642,3,me bhi chalata hu friends mere ko nehi milta hai 10 par 1 rupya yeh to frod hai ha par payment jarur ho jata hai,UPI App,App Performance,,
42,27857,0,Mera Nabi app kyon nahin khul raha hai naahi download ho raha hai gangu ke naam se account banaya jaaye main pahle download kiya tha to payment ho jata tha lekin river nahin milta tha aur jab Main dusri Baji mein download kar kar delete Kara to fir Maine download FIR Kiya uske bare mein sab kuchh hoga Lekin vah number sim se link nahin ho raha tha Koi Na Koi dikkat a hi jata tha please mera problem solve kar dijiye jab Main download karta hun to download nahin hota download bhi ho jata hai to,UPI App,App Performance,,
26,114774,1,mere bahut tarnjeksan karta tha lekin mujhe case bak nhi mil raha he fir bhi me aap ki company ko 5 star ‚≠ê de raha q ki pehle pehle mujhe bahut case bak diya is liye,Generic,,,
35,77812,3,Mind blowing I love this application actually it's take only around 10 mins and I'll get 50k loan in my account without any hustle so amazing,Loan,Quick Approval & Disbursal,Overall Satisfaction & Utility,
33,95707,0,more cash back give please xyz app but service is very good,UPI App,Rewards & Cashback,Overall Satisfaction & Utility,
33,81089,0,more than 1 week in doing uninstall an reinstall.but problem not sloved,Generic,Criticisms & Issues,,
21,88001,1,most use full xyz upi is best upi app ü•∞üëç,UPI App,Overall Satisfaction & Utility,,
26,117715,2,Mr.Hari Done a Good Job More people will get Benefit if the Rate of Interest is less.,Loan,Rewards & Cashback,,
54,113621,2,Much better than other UPI apps. Here you get commission on every transaction. I like it very much. i love it' ‚ù§Ô∏è,UPI App,Rewards & Cashback,App Performance,
48,14864,1,muje abi sir itne payment ke bad 21 ban mile,UPI App,App Performance,,
44,90314,1,mujhe bahut achcha Laga sabse us karne mein achcha lag raha hai upi chalane wale har vyakti ko chalana chahie,UPI App,,,
60,107357,3,mujhe pahle payment pe to 5 rupee mile hai,UPI App,App Performance,,
48,41433,1,My amount is getting autodebited again and again even after paying the installment. No support.,Loan,Customer Support,App Performance,
54,47390,3,"My experience is good with app. Before emi date they will chase. I cleared all my credit with app, After paying off full amount not received no due certificate. Customer care number is useless should say never connects always busy, even if gets connect noisy background and can't hear them. Overall experience is good. It would be great if they provide Good customer support/ service and automode NOC issuance would've implemented. Thanks",Loan,Customer Support,App Performance,
56,15710,3,"My experience with app app is really great , i can easily do payments with help of app app",Generic,App Performance,,
58,41128,2,my favourite money transfer apps is xyz upi,UPI App,Rewards & Cashback,,
38,25382,3,nabhi aapka cashback bahut Achcha deta hai,UPI App,Rewards & Cashback,,
26,73508,3,"nabhi app is very good, with this I pay money to someone and I get coins in return and in return of coins I get money, I also thank you very much.‚ò∫Ô∏è",UPI App,Rewards & Cashback,App Performance,Overall Satisfaction & Utility
25,61374,1,nabhi upi se earning achcha aata hai pratyek din sabhi logon Ko nabhi upi nabhi upi share karne par bhi coin milta,UPI App,Rewards & Cashback,,
38,65803,0,Nabi upi is a very very real cashback app and any transaction then you have a coins and convert get to cash,UPI App,Rewards & Cashback,,
58,44109,0,Navy app is very good app Navy Navy ap is very interested app is transaction money for good this is not survey down this progress is good this is a interested app this is a happy money send app this is a good app is chij se hamen bahut acche se money transfer ho sakti hai ismein jyada Se jyada Maine transfer kar sakte hain ismein server down ka Koi dar nahin rahata aur transaction bhi acche se hota hai ismein koi dikkat wali baat nahin Hoti isko chalana bahut aasan hai isase Ham Kisi bhi prakar,UPI App,App Performance,Overall Satisfaction & Utility,
49,91423,1,Needed 80000 personal loan and app didn’t disappoint. Fast and clean app.,Loan,App Performance,,
41,105149,1,Needed money urgently to repair my car. app saved my day. Great experience.,Generic,Quick Approval & Disbursal,,
36,99062,1,next level aap very safe secure and pr payment cashback and xyz coins and very safe extreme level aap good aap dawnload for play store and gogle chorme esy dawnload method,UPI App,Rewards & Cashback,App Performance,
34,109951,3,nice aap yeh aap mujhe bahut hi jyada achha laga kyuki isne mujhe aur mere payment karne mai bahut hi jyaada help Kiya hai mai apna pura payment isi se kar raha hun aur aage bhi isi se karunga aur maine is aap ko refer karke bhi kafi rupaye kama chuka hun aur mai aur jitna ho sakta haj mai refer kar ke kamaaunga isne mujhe paise kamane mai bahut hi jyaada helped kiya hai mai is aap ko ab bahut hi jyada use karta hun aur ab mai isi aap per jyad time bhi de raha hun mai to kehta hun ki aap bhi,UPI App,App Performance,,
49,112632,0,Nice and smooth interface for new users in app loan. THANKS to app loan😊😊👍👍,Loan,Quick Approval & Disbursal,,
26,50220,3,"Nice app and simply super and I tried all app but no chance at last I tried app, even though my cibil is less and have low chances they provided me with in 10min.",Loan,Quick Approval & Disbursal,,
57,20787,2,nice app for all services every upi payment cashback I love it thank you,UPI App,Rewards & Cashback,Loan Terms & Features,App Performance
23,43722,3,nice app for my personally favourite all over good app xyz coin ü™ôü™ôü™ôü™ôü™ô is supar se bhi upar hai very very very good,UPI App,Rewards & Cashback,Overall Satisfaction & Utility,
60,27936,3,nice app for upi transactions.. increase coins for old loyal customers üòâ,UPI App,Rewards & Cashback,,
56,24576,1,nice app frst payment ‚ù§Ô∏è‚ò∫Ô∏è‚ò∫Ô∏è‚ò∫Ô∏è‚ò∫Ô∏è‚ò∫Ô∏è,UPI App,App Performance,,
27,63928,1,nice app gey har tranzeks par 10 coin milte gey supper duppar app hey üëåüèª,UPI App,Rewards & Cashback,,
39,70920,2,nice app har pement me cash back milta hai,UPI App,Rewards & Cashback,,
59,71393,0,nice app lekin coin jyada deta ab utna nahi deta haiüëéüëéüëé,UPI App,Rewards & Cashback,,
32,63666,1,nice app so many money rewards on this app and so easy app I love it I am uninstalling my all goggle pay ane phone'pe and Paytm app this aap is very useful and easy ‚ù§Ô∏è,UPI App,Rewards & Cashback,App Performance,
42,56256,3,nice app very nice this app is online payment,UPI App,App Performance,,
49,111747,1,Nice app with best cashback rewards.. it's awesome,UPI App,Rewards & Cashback,Overall Satisfaction & Utility,
38,90275,0,nice app. very easy to take loan from this app and very trusty app.,Loan,,,
41,90394,0,Nice application for personal loan. very fast service. Instant disbursal of loan amount. within few minutes you will get money in ur account.,Loan,Quick Approval & Disbursal,App Performance,
42,28022,2,Nice application for personal loan. Very fast service. Instant disbursal of loan amount. Within few minutes you will get money in ur account. 👍,Loan,Quick Approval & Disbursal,App Performance,
49,57181,0,Nice apps online payment ho bhi jata h or cash bak bhi milta h or good app,UPI App,App Performance,,
55,24046,2,nice asp and nice coin and very nice withdraw,UPI App,Rewards & Cashback,,
52,117907,1,Nice experience with app as I have received the instant amount required for urgent need ... Thanks to all the supporting agents who guided me till the amount got credited and after then also enquired about the amount is been credited or not.... I really like it thank you so much app AND ITS SUPPORTIVE AGENTS,Loan,Quick Approval & Disbursal,User Interface,Customer Support
48,40892,1,nice experience with this app and it's very fast and reliable this app make payment very easily,UPI App,App Reliability,App Performance,
40,41769,0,"Nice loan renting application. I needed money urgently on that time I got this app and I like the process of it, it was smooth and fast highly recommend if someone needs urgent money",Loan,App Performance,Overall Satisfaction & Utility,
31,117365,0,nice platform I am very happy because every transaction most beautiful reward points I parsonaly I proud of you....I love xyz UPI....all people stasted... this is aap original... points converter to 1 minutes credit to Bank account.....,UPI App,Quick Approval & Disbursal,,
22,51678,3,nice rikvayar is one apk best regards this apk best promush this one apk best muje ye apk bhot nice laga par peyment par rivod or kes beg bhi milta haa is me bhot nhi teknik bhi haa jis se aap ko dusre apk me nhi mil thi haa ok thanks,Generic,,,
24,41468,3,nice save apps any time cash back 100% use this apps,UPI App,Rewards & Cashback,,
23,34097,3,"nice services, instant loan approved, if applicable then reduce interest rate and give More month to repay loan",Loan,Quick Approval & Disbursal,Loan Terms & Features,App Performance
22,89549,0,"Nice user experience to getting personal loan from app,very good app",Loan,App Performance,Overall Satisfaction & Utility,
31,16590,0,nice work payment and conins com back peyment üíØüíØ,UPI App,App Performance,,
33,70718,0,nice xyz upi (kisi bhi payment per xyz coin milte hai jo ouro app ki tulna me better hain very nice üëçüëçüëçüëçüëç,UPI App,Rewards & Cashback,App Performance,
34,85592,0,nice xyz upi app transition verry good thanks you xyz app,UPI App,User Interface,,
41,63407,3,nice üëç‚ù§Ô∏è ap xyz UPI pa karne kaliye,UPI App,,,
29,11899,2,nice üëçüôÇ first payment 5 rupees mila 100 milega bola 5 rupees mila fir bhi kush na Milna se atcha Kush mile so like app,UPI App,App Performance,,
45,44261,0,nice.... but ek baar me coine ki jagha rupye direct diya ja sakta h,UPI App,Rewards & Cashback,,
50,21256,0,no üòî received payment refar 200 rs üö´,UPI App,App Performance,,
35,78124,3,number one cashback payment app üòçüëçüèª,UPI App,Rewards & Cashback,App Performance,
23,48822,3,nyc app easy to use with more useful features compared to other apps like phonepay. I like this try once if you don't have any cards,Generic,User Interface,App Performance,Market Position & Comparison
39,92860,1,ok bahut acha hay.. reward turant mila wow üò≤,UPI App,,,
39,33765,0,on every every upi transaction I get some paisa but this paisa helped me as saved rupees oneday‚ù§Ô∏è‚ù§Ô∏è,UPI App,Rewards & Cashback,Overall Satisfaction & Utility,
38,85370,0,on time payment will give benefits of Top up loans. according to our EMI tenure and amount we can choose it. Tku app,"Loan, UPI App",Rewards & Cashback,Loan Terms & Features,App Performance
37,79244,3,One of the best app it helps for my education financial loan it is very useful for me,Loan,Quick Approval & Disbursal,,
46,96286,0,One of the best application for any payments with supb rewards...üëåüëåüëå,UPI App,Rewards & Cashback,App Performance,
30,111940,1,One of the best application this is the best application with best conceptal information I liked it,Generic,,,
50,77850,1,One of the best application with nice interface and security. Very reliable and helpful to use with beneficial returns,Loan,App Reliability,,
54,104550,0,One of the best UPI app get cashback after every transaction better than google pay phone pe other UPI app,UPI App,Rewards & Cashback,App Performance,Overall Satisfaction & Utility
44,111635,2,"One of the fastest application, easy to use, and moreover very helpful app.",Generic,User Interface,App Performance,Overall Satisfaction & Utility
23,85482,3,One of the great apps to borrow money in few minutes. A very seamless process. Thanks app team.,Loan,Quick Approval & Disbursal,Overall Satisfaction & Utility,
47,62438,2,op cashback milta he ye app me love you app modreter,UPI App,Rewards & Cashback,,
50,11789,3,"overall good experience. but one thing, I feel that must be added is to allow customise the UPI id because when we pay they seller automatically get my number through the UPI id because by default the id has created like - phone no@xyz.... so merchant can see that id and can easily get the number",UPI App,App Performance,Overall Satisfaction & Utility,
60,26624,2,Past one half and year you block my limit can't able to borrow limit,Loan,,,
54,29344,2,Pathetic app never mentioned or took bounce charges and other hidden charges but from this month its adding amounts upon amounts without any update. Did not contact on sms/whatsapp for payment and gave my details to agency. Worst app ever,UPI App,App Performance,,
31,36296,3,Pay with app provide loans and High quality service at a very less interest,"Loan, UPI App",App Performance,,
52,65340,0,payment fast transfer very successful good choice,UPI App,App Performance,,
32,59568,3,personal loan the app is user friendly interface with in intuitive that simplifiles the application process.,Loan,User Interface,,
59,74127,3,Phele coin Jayada aata tha ab bhaut kaam atta h,UPI App,Rewards & Cashback,,
26,38294,2,Please add below option to increase users 1. Rent pay via credit card 2. wallet option like phonepe,UPI App,App Performance,,
42,55612,2,Please add the features on NFC Payment Mood.,UPI App,App Performance,,
28,84874,0,please don't install this app first give rewards then payment IT field and cut your money back to back this is very fake application first Giri awards then 5to 6 day your big payment is field money is credit but transition field did not give money back please do not install this app,UPI App,Rewards & Cashback,App Performance,
36,89476,1,point kam milte he bhut .... very bad üòû,Generic,,,
37,73375,1,Quick application and faster credit make this app very useful for everyone ❤,Generic,User Interface,App Performance,
39,98754,3,"Quick process, user-friendly app, transparent terms — highly recommend for emergencies!",Generic,User Interface,Overall Satisfaction & Utility,
43,97744,2,"Real personal loan with low interest rate, but can increase limit of the loan",Loan,Loan Terms & Features,,
52,116989,1,Really nice application recently I have taken some loan Im happy for this app I really loved it…,Loan,,,
46,117147,2,"Really nice experience with app. Hassle free process with no time you will get the amount as per your CIBIL score. Thanks a lot app ,☺️☺️☺️",Loan,Application & Onboarding Process,,
48,14058,3,really seamless transactions I just love this payment interface better than everything else I purchased gold as well got the best price u can sell the gold in real-time as well and a portion of gold can also be sold. overall top performance app,UPI App,Quick Approval & Disbursal,App Performance,
44,101695,1,"Really this UPI app is excellent for quick and safe payment and for gold investment even friendly simple to use ,but I request to this app owner to add dark mode in it please",UPI App,User Interface,App Performance,
25,37409,3,Recently explored the app. It has very good interface and provide hessle free personal loan. I'm satisfied with the service provided.,Loan,Overall Satisfaction & Utility,,
22,54451,2,Recently i just used the app app and this is the best and easiest app for personal loan.,Loan,Quick Approval & Disbursal,,
57,26462,2,"sab se Best upi app agar ye aap bhi kisi ko khrab lag rha h to use bda chu**"""""""" coi aur nhi hoga thank you ‚ú® great application",UPI App,Overall Satisfaction & Utility,,
55,33414,2,"Sab Thik Hai, PPI Licence Kar Le Rhe Ho, Yaha Tak Amazon, MobiKwik, PhonePe Ke Pass Bhi, xyz Thoda In dono ke comparison smooth lagta hai",UPI App,,,
60,21358,2,sabse fast payment sabse best apps I like it ü´∂üèªü´∂üèªü´∂üèªü´∂üèªü´∂üèªü´∂üèªüíØüëçüëçüëçüëçüëçüëçüëç,UPI App,Quick Approval & Disbursal,App Performance,
28,12976,1,sear sir mam namaste maine kal 1. pm pe 500send kiya abhi tha process me hai karan kya please check,Generic,,,
29,78412,1,self ac transfer ka option nahi he add kare,UPI App,,,
44,101308,3,service experience so good nice upi application,UPI App,,,
25,100338,2,shandar pay karne ke liye mujhe 50 rupae mile,UPI App,App Performance,,
42,68096,0,"shrif 1 coin milta hain har bar please xyz atleast 10 coin to do....2k,3k,5k v transfer karta hu to shrif 1 coin milta hain,other app dekho kitna reward deta hain",UPI App,Rewards & Cashback,,
48,12184,3,"smooth experience , money got in 2 min. no lag etc... appropriate it",Generic,User Interface,App Performance,
60,26703,1,so excited üòÉüòÉ claim xyz upi rewards,UPI App,Rewards & Cashback,,
45,104289,1,"so far, good!! hope to get more than 1 rupee, please",Generic,,,
47,119693,3,so good app best rewards instant cashback,"Loan, UPI App",Rewards & Cashback,,
23,115520,1,Such a very good experience with this app.. Very smooth process.. I like this app,Generic,Application & Onboarding Process,Overall Satisfaction & Utility,
58,59963,2,SUCH A WONDERFUL APP IT IS üòä CASHBACK SYSTEM IS VERY VERY GOID üëå,UPI App,Rewards & Cashback,,
60,36008,3,supar h bhai recharge bill payment baar baar milte coin üëçüèøüëçüèøüëçüèøüëçüèøüëçüèøüëçüèøüëçüèø,UPI App,Rewards & Cashback,App Performance,
21,23912,1,suparb i am using 1st time then better upi pement &receab appüö©üö©ü•∞ü•∞üáÆüá≥jai shree ramüôèüö©‚ù§,UPI App,Rewards & Cashback,,
54,100424,0,super and sabse best app cashback 100% safe 10 secure app,UPI App,Rewards & Cashback,,
30,114767,2,super app best service and any other payment time received coins and any payment and convert rupees in a coin,UPI App,Rewards & Cashback,App Performance,
36,81672,3,super app can We do easy and Faster UPI payments..,UPI App,Rewards & Cashback,App Performance,
28,78139,0,super app i would like to tq intrest rate good and every one is good,Generic,,,
34,55948,3,super effective app better game phone per Gpay and paytm windows app I purchase anything in online I get reward,UPI App,App Performance,,
21,99986,2,"Super fast app! I applied during lunch and by evening, the money was in my account.",Generic,App Performance,,
52,65620,3,"Super fast online process for claim, no paper work, populer trusted company",Generic,App Reliability,App Performance,
41,110981,1,super need more money reward ‚ù§Ô∏è‚ù§Ô∏è‚ù§Ô∏èüòÑ,UPI App,Rewards & Cashback,,
39,97455,1,Thank you for the support. This app really helped me when I really needed money.,Generic,Customer Support,Overall Satisfaction & Utility,
44,93322,0,thank you for your lovely support 💕 it's good app for understanding men problems....i really appreciate 🙏,Generic,Customer Support,Overall Satisfaction & Utility,
32,37804,1,Thank you so much app. You helped me on that time when I need it badly. ☺️,Generic,Overall Satisfaction & Utility,,
53,74885,2,Thank you so much for loan I'm very happy 😌😌 guys this app is very good to people,Loan,Quick Approval & Disbursal,Overall Satisfaction & Utility,
53,111675,2,Thank you so much this app give me in amount I love you so much app,Generic,Quick Approval & Disbursal,Overall Satisfaction & Utility,
55,47954,2,Thank you so much to Mr. mr.akran ji for handling the customer for a very good experience,Generic,Customer Support,Overall Satisfaction & Utility,
22,92608,1,Thank you soo much app. You helped me at the right time and the procedure for disbursal was really easy. Trustable and easiest way to take a loan. Guys go for it.,Loan,App Reliability,Overall Satisfaction & Utility,
50,69564,3,thank you xyz for giving free coins i will use only xyz app for online transactions,UPI App,Rewards & Cashback,Overall Satisfaction & Utility,
23,117293,3,Thanks for giving loans ...im completely resolved financial issue.how to close the account now please tell me,Loan,,,
26,62174,2,Thanks For xyz App Coin In A Greatfull Transection Free Coin Cash back...,UPI App,Rewards & Cashback,,
56,26380,3,Thanks for your gracious support in our precious time. God bless you.,Generic,Customer Support,,
44,43422,2,Thanks for your support (money view) Video KYC option not working. I'm try last 3 days please see (app team),Loan,Customer Support,App Performance,
55,88743,3,that's so helpful and get benifits any recharge any payment,UPI App,App Performance,,
31,26332,3,"that's very easy finest payment, I'm Happy for using it. must be try.",UPI App,App Performance,,
36,56500,0,The app app does't seek permission to access my contacts or private data. It's a relief to use an app that respects my privacy,Generic,Security & Privacy,,
26,49406,2,"The app app is fantastic it is easy to start using thanks to its very intuitive user interface. By setting up automatic recurapp payment, I know I'll never forget to pay a bill. With a straight forward layout that effortlessly walks you through the lending procedure, the app is highly user friendly",UPI App,User Interface,App Performance,
36,37985,3,"The app app is your one-stop solution for all your finance needs that is trusted by 2.5 million+ Indians. You can get a range of financial products such as personal loans, credit cards, fixed deposits, loans against mutual funds, credit score analyser and Buy Now Pay Later. Download the app app and get instant upgrades on your fingertips.","Loan, UPI App",App Reliability,App Performance,
58,67247,0,The app app makes getting a loan easy and saves time by cutting out the hassle.,Loan,Application & Onboarding Process,,
38,62118,0,The app app offers reliable home security with user-friendly features but occasionally experiences connectivity issues,"Loan, UPI App",User Interface,App Reliability,
34,74081,0,"The app credit limit service has been great so far, and it's the best option I've found it is a good app for instant credit limit approval. Also increasing the limit time to time Instant approval and credit limit. I really appreciate this app.",Loan,Quick Approval & Disbursal,Loan Terms & Features,
33,81127,3,The app is amazing and the loan facility is amazing. It is easy and fast,Loan,App Performance,Overall Satisfaction & Utility,
47,70341,1,"The app is amazingly convenient with a smooth process and instant account verification, making it worry-free.",Loan,Quick Approval & Disbursal,Application & Onboarding Process,Overall Satisfaction & Utility
31,17784,1,"The app is good and offers lifetime cashback. It's also fast and smooth for payments. However, it slightly lags for a few seconds while opening, which can be improved. Also, sometimes I don‚Äôt receive coins or cashback even after successful UPI payments. Hoping these small issues will be fixed in future updates. Keep up the good work!",UPI App,Rewards & Cashback,App Performance,
39,59158,2,The app is useful in all aspects and has a very user friendly interface I'm happy to download it,Generic,User Interface,,
49,106117,1,The app offers a fast and efficient way to get personal loans. Its streamlined process and quick approvals are perfect for handling urgent financial situations.,"Loan, UPI App",Quick Approval & Disbursal,User Interface,App Performance
48,110436,1,"The app's interface is intuitive,making the application process hassle- free.The required information is clear, and the steps are easy",Generic,User Interface,,
55,89421,2,"the best app for loans and customer service is fantastic, they are very professional they don't torcher like other companies Highly recommend the app",Loan,Customer Support,Overall Satisfaction & Utility,
41,36824,3,the best India's first online payment app good service xyz app,UPI App,Customer Support,App Performance,
21,27168,1,the best money income app ‚ò∫Ô∏è‚ò∫Ô∏è‚ò∫Ô∏è‚ò∫Ô∏è... thanks xyz upi.....‚ò∫Ô∏è‚ò∫Ô∏è‚ò∫Ô∏è‚ò∫Ô∏è‚ò∫Ô∏è‚ò∫Ô∏è‚ò∫Ô∏è‚ò∫Ô∏è‚ò∫Ô∏è‚ò∫Ô∏è‚ò∫Ô∏è.... .....‚ò∫Ô∏è‚ò∫Ô∏è‚ò∫Ô∏è,UPI App,,,
49,44210,3,the best payment aap 100% real chasback in every payment,UPI App,App Performance,,
54,103641,1,The best thing is that the app has no hidden charges and everything is clearly mentioned. Truly transparent process!!,Generic,Application & Onboarding Process,Loan Terms & Features,Security & Privacy
31,39919,3,"the bonus point found every payment is awosome, but after some transaction it seems to be greedy üòï, said more payment for receiving bonus point",UPI App,Rewards & Cashback,App Performance,
48,54366,3,"The first time I got 50 coins for a ₹5000 transfer, but later I received only 2 coins even for a ₹10,000 transfer.",UPI App,Rewards & Cashback,,
25,58928,3,"The loan app is user-friendly, offering a seamless and intuitive interface that makes it easy to use","Loan, UPI App",Quick Approval & Disbursal,User Interface,
60,58273,0,"the loan disbursement process is very simple and quick, this financial service helped me out in my hard time to cope up with suddenly experiences.",Loan,Quick Approval & Disbursal,User Interface,Overall Satisfaction & Utility
34,54139,2,The minimal documentation required by app made the application process smooth.,Loan,User Interface,Application & Onboarding Process,
32,39442,1,the payment happens effectively and effortlessly...and the best part is the coins.. atleast we middle Class people can use the coins .. and the rewards are worth it rather than other upi app rewards.. that doesn't make any sense for us. thank you xyz upi app‚ù§Ô∏è‚ù§Ô∏è,UPI App,Rewards & Cashback,App Performance,Overall Satisfaction & Utility
29,86441,1,The process I smooth and I faced no challenges good work nice service,Generic,,,
40,88277,0,The rewards are easily redeemed in terms of cash which makes it perform better than usual upi apps and not provide us coupons that are unusable for us. But this app takes more time in processing the payment.,UPI App,Rewards & Cashback,App Performance,
32,91952,1,"The seamless experience enhances efficiency, making financial management easier for a new user as well.",Generic,Quick Approval & Disbursal,App Reliability,
33,73455,0,"The transparency of app's loan terms,including principal amounts,tenure,and interest rates,allows users to make informed decisions about their borrowing needs.This level of transparency is essential for building trust and fostering long term relationships with customers",Loan,User Interface,Loan Terms & Features,
54,117493,0,The ui is excellent....but I believe a lot of improvements still required... anyway it's still growing company...and vouch for app. Please do consider it.,Generic,User Interface,App Performance,
41,22051,2,The UI on the app is great and it is easy to borrow cash and make repayments from the app.,Loan,User Interface,App Performance,
46,91533,1,"The user interface is intuitive, making it easy to navigate and manage my loan. Customer service is top-notch. I highly recommend this app!",Loan,User Interface,Overall Satisfaction & Utility,
44,17681,0,the user interface of this app is quite user freindly a good recommendation for taking loans,Loan,User Interface,Overall Satisfaction & Utility,
49,100811,1,"The very best! Other than less tenure, no issues at all. If you are having bad track please try it. .",Loan,,,
60,39292,2,this aap is help us to saves the hidden charges from other apps charges the hidden fees for any moblie recharge or others it is really very satisfying app...,UPI App,,,
52,36075,0,this aap very fast and useful application because everytime when I go to store scan and pay get some reward and than I used to my mobile recharge cost instantly costing down thank you for getting reward please xyz add some of more features like bus ticket booking train book and more.. application is very good,UPI App,App Performance,Overall Satisfaction & Utility,
29,56655,2,This app can be ranked among the top 10 best loan apps in the country as it is so smooth to use and also very easy to get loans,Loan,Quick Approval & Disbursal,Market Position & Comparison,
45,70421,1,this app can beat all other upi apps within years due to its better features,UPI App,User Interface,Market Position & Comparison,
31,37587,3,"This app does not give anything every time in scratch card, I have done transaction more than 20 times my powerplay 10 player card i archived then xyz app show i am winner of powerplay and never give any rupees please solve my problem of powerplay",UPI App,Rewards & Cashback,,
41,93354,0,This app easy to use and smooth experience also it has a user friendly interface must try once if you need loan,Loan,User Interface,,
33,104558,0,This app giving a wonderful prizes for every each payement ‚ù§,UPI App,Rewards & Cashback,App Performance,
34,76010,0,"This app has proved to be very useful for me because when I transfer money through it, I get coins which I use to convert rupees can do it",UPI App,Rewards & Cashback,,
36,89816,2,This app instant loans is very easy to use and quick approval for loan and easily transfer money,"Loan, UPI App",Quick Approval & Disbursal,User Interface,
53,85682,0,"This app invaluable for monthly EMI expenses; quick approval, reasonable terms!",Loan,Quick Approval & Disbursal,User Interface,
47,96256,1,This app is a blessing for salaried people like me. It understands our needs and provides quick solutions.,Generic,User Interface,Overall Satisfaction & Utility,
49,20236,2,"This app is a game-changer—quick access to your earned money when you need it most. No stress, just smart finance!""",Generic,User Interface,Overall Satisfaction & Utility,
50,103405,1,this app is a great payment app with zero platform fee...and unlike gpay there's an actual cashback (coins that can be converted into real cash 10coins=1rs) in every payment,UPI App,Rewards & Cashback,App Performance,
43,70270,2,This app is a very good app which gives huge cashback on every transaction which no other platform gives.,UPI App,Rewards & Cashback,App Performance,Overall Satisfaction & Utility
54,99666,2,this app is awesome for payment and earn money but some case this app is not work on high amount payment üòî,UPI App,App Performance,Overall Satisfaction & Utility,
30,44547,1,"this app is easy to use wether you need fund for a sudden expense or any other , this app help you .",Generic,User Interface,,
46,48262,3,"This app is excellent, If you are a genuine person, this platform will give you loan actually in minutes.",Loan,Quick Approval & Disbursal,User Interface,Rewards & Cashback
23,25480,3,this app is good and it's benifit giving cash back in coins,UPI App,Rewards & Cashback,,
55,71116,0,This App Is Much Better Than Phonepe or payment I Never Got Any Cashback From Them But When I Start Using xyz I Got cashback This Is the Best Payment App üëç,UPI App,Rewards & Cashback,App Performance,Market Position & Comparison
35,33435,2,this app is really softly and time management payments from upi also thier awesome coins convert into cash whenever you can get cash by coins,UPI App,Rewards & Cashback,App Performance,Overall Satisfaction & Utility
30,53851,3,this app is safe as well as if coins on every payment,UPI App,Rewards & Cashback,App Performance,
28,67617,3,this app is so credible and I am use this Aap just 21 days and my income is 250rs more,Generic,App Reliability,,
34,63444,3,"This app is superb.... the process of coins converted into cash is also very useful. This app is easy to use and 100 % trusted app. Download this and make your all payments using the xyz UPI and collect coins... after the process, convert your coins into real cash. its interesting.... superb... i appreciate this one...",UPI App,User Interface,Rewards & Cashback,App Reliability
21,102481,0,this app is the best app according to me and when we do payment it's gives us a coin and we can convert that coin into money wonderful app üôÇ,UPI App,Rewards & Cashback,App Performance,
41,59153,1,this app is very easily sustainable and non educated person easy oprates so I liked this payment app and system,UPI App,App Performance,,
42,81207,0,THIS APP IS VERY GOOD 💯😊 THIS IS VERY FRIENDLY I ADVICE ALL TO DOWNLOAD THIS APP ❣️❤️🤗🙏,Generic,Overall Satisfaction & Utility,,
35,18076,0,This app is very good and it gives rewards too‚ú®,UPI App,Rewards & Cashback,Overall Satisfaction & Utility,
46,77467,1,This app is very good as compared to other payment apps and it is very good for businessmen and I am businessman,UPI App,App Performance,Overall Satisfaction & Utility,
44,24910,2,this app is very nice I am taking so many reward thank you,UPI App,Overall Satisfaction & Utility,,
52,84617,2,This app is very secure I have good experience of payment this application is very good,UPI App,App Performance,Overall Satisfaction & Utility,
55,113243,2,"This app is very simple and secure and fast service, Excellent performance 👍👏 Fast cash circulation, Intrest rate as per normal person, I like this application. 👍👍👍👍",Generic,App Performance,,
51,107471,2,This app is very simple prosses to complete loan This app very helpful please install everybody 🙏 thank you app,Loan,Overall Satisfaction & Utility,,
28,11276,1,"this app is very trusted and proper documented, its help me at very need full time... thanks",Loan,App Reliability,,
44,58905,3,this app per transaction give some coins and coins canvert in money,UPI App,Rewards & Cashback,,
60,103933,2,this app really good üòä I use it so long time this gives mi cashback also thanks üëç for this pricious ‚ù§Ô∏è application,UPI App,Rewards & Cashback,,
26,51336,2,this app using 1 manth i earn money ü§ëüí∞ 300+ rupees,Generic,Rewards & Cashback,,
53,28875,1,this app verry good to emmidetaly approval and distribution verry good app thank you so much to app Quick,Loan,User Interface,Overall Satisfaction & Utility,
34,33170,3,this app zero percent of commission and best upi app on other apps,UPI App,Rewards & Cashback,Overall Satisfaction & Utility,
59,47617,0,this application helped me a lot when i was in a critical financial situation. thank you so much😍,Generic,Overall Satisfaction & Utility,,
37,40556,2,this application is good and pement process is best and you won many rewards,UPI App,Rewards & Cashback,,
22,41434,0,"This application is very good, we have benefited a lot from using it. And the coin is good.",UPI App,Rewards & Cashback,Overall Satisfaction & Utility,
31,47391,3,This application is very useful and we can get loan instantly and money transfer in account within a minute.,"Loan, UPI App",Quick Approval & Disbursal,,
40,50711,1,this bank is good cash back reward üôÇüòÅ,UPI App,Rewards & Cashback,,
23,108116,1,This have been my Saviour always in my Tough Time. Swift Easy Helpful,Generic,Overall Satisfaction & Utility,,
38,41166,1,This is a good app earning to money for easy üî• me earn to 100 hundred rupees Trust me app is the best üíØ,Generic,Rewards & Cashback,,
36,85203,0,This is a good app you can get loan instantly for your personal usage..,Loan,Quick Approval & Disbursal,,
31,91436,0,This is a great experience using the app app as I got the instant PL just in 10 minutes only. Serioysly this is very fast and easy servise provider application. Appreciate to the team.,Generic,Quick Approval & Disbursal,App Performance,
48,70382,1,this is a real aap if you need emergency fund try this aap im happy,Loan,,,
34,15303,3,"this is a really good application to take any instant loan, and we can force close it anytime.",Loan,Quick Approval & Disbursal,,
54,102802,0,"this is a very active app, if anyone needs money in 2 minutes then there is no need to ask anyone, you can get it from here without any document, I also tried it",Loan,Quick Approval & Disbursal,,
42,10933,2,"This is a very good app and the best thing is that it is a zero fee platform and you also get cashback, very nice",UPI App,Rewards & Cashback,App Performance,Overall Satisfaction & Utility
47,83972,1,This is a very good app to send money to friends or merchent and other thank to xyz give this opportunity to use customer I am so happy,UPI App,App Performance,Overall Satisfaction & Utility,
29,20920,2,"This is a very good app, I used it, I get rewarded on paying any money, it is very good, you should also download and use it",UPI App,App Performance,Overall Satisfaction & Utility,
35,57750,3,This is a very good app. Keep your credit score good and you will get the right loan here.,Loan,App Performance,Overall Satisfaction & Utility,
23,25153,2,this is a very good platform for online transactions and users. I really like that and give 5 Star ‚≠ê ‚≠ê‚≠ê‚≠ê ‚≠ê,UPI App,Overall Satisfaction & Utility,,
53,38604,3,this is amazing.faithfull app zarurat ke time par apke sath he app loan,Loan,Overall Satisfaction & Utility,,
56,34509,2,"This is an app that is amazing whenever you can use the app it is easy to get rewards, then you convert the coin esly",UPI App,Rewards & Cashback,Overall Satisfaction & Utility,
30,21490,0,This is best app but I request to xyz app developers add the recharge system for bsnl SIM please I personally request to you üôèüôèüôèüôèüôèüôè,UPI App,Quick Approval & Disbursal,,
57,63281,0,this is excellent app where is Muth payment,UPI App,App Performance,,
33,69238,3,"This is genuinely one of the best money lending apps I've encountered. Its user-friendly interface, straightforward verification, and instant fund transfers are highly commendable, and they consistently deliver on their promise to disburse funds swiftly. It's especially beneficial for those facing urgent cash needs or who are new to borrowing. My only minor feedback is the need for repeated follow-ups regarding document signing.","Loan, UPI App",Quick Approval & Disbursal,User Interface,Application & Onboarding Process
25,48223,0,This is good but we should keep getting such gifts in future as well,Generic,,,
27,54180,0,this is my favorite application so smooth transition and cash back intant withdraw amazing ü•∞üòç,UPI App,Rewards & Cashback,Overall Satisfaction & Utility,
46,83087,0,"This is my second time using app, and they never disappoint. Consistent service and no hidden charges.",Generic,Loan Terms & Features,Security & Privacy,
34,17158,1,This is Number One UPI App in india..Excellent App..Best UPI app. Advanced digital very fast successful UPI App..All in One App.. Highest cash back rewards...,UPI App,Rewards & Cashback,App Performance,Overall Satisfaction & Utility
39,71903,1,This is one of the most friendly and easy to use app I have used in very long time. Overall the entire process was superfast and effortless.,Generic,User Interface,App Performance,
43,108722,1,This is the best app very good and helpful this app is nice work and useful,Generic,Overall Satisfaction & Utility,,
28,96588,1,"This is the best payment app till date, you get cashback on every payment guaranteed, download it and use it‚ò∫Ô∏è‚ò∫Ô∏è",UPI App,Rewards & Cashback,App Performance,
59,112955,1,this is the best platform for the payments,Generic,App Performance,,
45,16445,2,"This is the best reward receiving, xyz coins conversion and extra discount on use of coins on bill payment for xyz UPI payment app. Thanks xyz",UPI App,Rewards & Cashback,App Performance,
22,12311,1,this is the my first xyz upi payment it's amazing üòç,UPI App,Rewards & Cashback,App Performance,Overall Satisfaction & Utility
44,109253,0,this is very amazing app daily transaction every day cashback,UPI App,Rewards & Cashback,Overall Satisfaction & Utility,
49,102159,2,this is very best app for all bill and payment are very smouth maine to ishe 40 people ko refer bhi kiya and hazaro mein reward earn kiya thanku xyz upi app ‚ù§Ô∏è‚ù§Ô∏è‚ù§Ô∏è‚ù§Ô∏è‚ù§Ô∏è‚ù§Ô∏è‚ù§Ô∏è‚ù§Ô∏è‚ù§Ô∏è‚ù§Ô∏è‚ù§Ô∏è‚ù§Ô∏è‚ù§Ô∏è‚ù§Ô∏è‚ù§Ô∏è‚ù§Ô∏è‚ù§Ô∏è‚ù§Ô∏è‚ù§Ô∏è‚ù§Ô∏è‚ù§Ô∏è‚ù§Ô∏è‚ù§Ô∏è‚ù§Ô∏è‚ù§Ô∏è,UPI App,App Performance,,
25,71832,3,this is very good aap for compare to other payment apps,UPI App,App Performance,Overall Satisfaction & Utility,
26,85598,3,This is very good app for urgent money without any delay. Thank you app,Generic,App Performance,Overall Satisfaction & Utility,
28,56380,0,this is very good payment app and it is easy to use easy interface and we can also get instent cashback rewards and more,UPI App,User Interface,Rewards & Cashback,App Performance
29,55370,0,This is very inam extremely satisfied with the experience of using app loan app. The process was incredibley fast. I received loan instantly.Thank you for providing such a convinent & effenciat service. High recommended.,Loan,App Reliability,App Performance,Overall Satisfaction & Utility
24,80828,3,This is wonderful application.it helps us timely.. here after we won't try any loan in Banks.. this kind of apps are helping a loan easy... Special thanks to Anita from app.,Loan,Overall Satisfaction & Utility,,
40,74458,1,This loan app is very good and simple fast...process I am from up... bhaiyo m app sabhi logo ko yeh app recommend karunga.,Loan,App Performance,Overall Satisfaction & Utility,
47,111238,3,this soo amazing and very good payment app for all the apps can failed for this apps,UPI App,App Performance,Overall Satisfaction & Utility,
38,99142,1,this upi payment app is awesome. this app can be used bt everyone whether he or she is below 18 or above by just linking their account. I found it helpful coz before I had no online payment method bur knowing this app I can.,UPI App,Rewards & Cashback,App Performance,Overall Satisfaction & Utility
42,118072,1,this was fantastic app I love this app this gives amaging cash backs and reward .. thank a lot for this beautiful application,UPI App,Rewards & Cashback,Overall Satisfaction & Utility,
46,80075,1,this xyz app is real Genuine and Trusted and get cashback Hundred percent Safe app and fast payments use xyz app guys üòä,UPI App,Quick Approval & Disbursal,User Interface,Rewards & Cashback
23,24917,1,This xyz UPI payment is also fast and you get rewards as well. üññüèª,UPI App,Rewards & Cashback,App Performance,
45,30230,1,To be very honest it is the the most smoothest procedure to procure loan instantly. They helped me during my tough times . Thank you,Loan,Overall Satisfaction & Utility,,
51,114843,2,"today 's world faster payment app and use truly real app. i like this app ,smooth running totaly also goood . save pay.xyzüòçüíó‚ù§",UPI App,User Interface,App Performance,
48,52156,3,too good i have earned 1400/- in last year,Generic,,,
58,11913,1,transfer the money in like the xyz UPI app very nice and good,UPI App,,,
23,34182,3,Trusted app to get all your loans instantly with very minimal documents required. You can also use this app to pay through UPI valid on all platforms,"Loan, UPI App",User Interface,App Reliability,App Performance
21,33211,1,trusted apps ever and top payment apps platform in India,UPI App,App Reliability,App Performance,
27,58630,3,trying to apply LAMF loan but every time it's showing Service currently not available please try later please help on this,Loan,Customer Support,,
53,55058,0,"Uh, I ain't gon say alot...but This new payment method app is literally good...I gave u 5 star Rating coz the cashbacks are nice üëç..Not like other apps..",UPI App,Rewards & Cashback,App Performance,
39,47682,3,unable to take loan since 1 year though I meet the eligibility criteria,Loan,Criticisms & Issues,,
30,76983,0,"unbelievable reward for other upi apps. very easy process use and elec. bill, mobile recharge no extra charges debit I think üáÆüá≥india best upi app xyz upi app.",UPI App,Application & Onboarding Process,Overall Satisfaction & Utility,Criticisms & Issues
34,94026,3,upi very god tranjection this is very nice app,UPI App,,,
39,57837,0,useful app hai and cashback bhi milta hai,UPI App,Rewards & Cashback,,
36,115242,1,usefull and good App for money transfer and Recharge..When ever you transfer or recharge u will get Coins,UPI App,Rewards & Cashback,,
40,66625,1,User friendly app and hassle free application process. Got the amount credited in bank account in an hour after approval,Loan,User Interface,Application & Onboarding Process,
43,92645,1,User-friendly interface. Cash back to much by xyz.,UPI App,User Interface,Rewards & Cashback,
44,88472,0,"using this app over 2yrs, user friendly and got distribution within 5min instantly. Trusted 💯.",Generic,User Interface,App Reliability,
21,102238,0,using this app since October already saved 500 rs from this what a brilliant app and what a good interface easy and smooth to use impressed by this app very much üëåüëå,Generic,Overall Satisfaction & Utility,,
37,14545,3,Using xyz app for an year ..till now I haven't faced any problems ..it's super fast in UPI transaction and other services .. the only problem is that it always asks the location to be turned on ..which is quite annoying ..kindly fix this ...,UPI App,User Interface,Rewards & Cashback,Loan Terms & Features
53,69566,2,using xyz since 1 month my experience was so good there ui is very smooth as well as loved their cashback scheme.,UPI App,User Interface,Rewards & Cashback,
59,46482,2,verry nice but per transection 2 point ya 4point hi dete ho,Generic,,,
46,91413,1,Very bad exp after paying on time and foreclosing they still make ur account inactive,Generic,App Performance,,
32,28046,1,very bad survise. very bad network. my amount 45.00 debited this app but not refund still now. please flow this problem.,Generic,Criticisms & Issues,,
47,54785,2,"very best application, instant disbursal, no paperwork. thank you app you saved my life.",Generic,Application & Onboarding Process,Overall Satisfaction & Utility,
26,105273,1,very convenient to use and get a loan. The process is much more transparent,Loan,Application & Onboarding Process,,
60,10886,2,very easy and loan money received my account only 15 min thanks 🙏 app team,Loan,Quick Approval & Disbursal,,
60,16882,1,very easy and secure upi app with cashback üí∏,UPI App,Rewards & Cashback,,
34,22196,3,Very easy and smooth process.. I will update my complter review once the closure is also done in a few months..,Generic,Application & Onboarding Process,,
47,45654,3,Very Easy Method To Get Cashback. Points Can Reedemed As A Cashback To Bank Account.,UPI App,Rewards & Cashback,,
27,11249,0,"Very easy process. Had money credited in my account within 2 minutes, as I needed it urgently thank you so much on time help",Generic,Quick Approval & Disbursal,Application & Onboarding Process,Overall Satisfaction & Utility
25,55326,2,Very easy to use and pretty solid what make this app stand out. highly satisfied,Generic,User Interface,Overall Satisfaction & Utility,
21,36238,3,Very easy to use quick process minimum documents quickly transfer amount in my account user friendly app strong customer support. Thanks app team for your great work.,"Loan, UPI App",User Interface,Customer Support,
39,25098,0,very excellent app got money in time which is very helpful and also intrest rate is low thank you app,Generic,App Performance,Overall Satisfaction & Utility,
23,109532,1,very fantastic apps ü§© bhaut acha cash back milta hai ab tak 600 ki earning kar chuka hu mobile recharge per extra fees bhi nhi pay karna padta hai bhaut acha hai xyz matlab kabhi bhi payment processing mein nhi ruk tha with in 0.1 sec mein payment successfully ho jata hai,UPI App,Rewards & Cashback,App Performance,
32,72925,0,Very fast disbursal easy process very effective thank you so much for the fast deposit.,Generic,Application & Onboarding Process,App Performance,Overall Satisfaction & Utility
36,91095,0,Very fast process and loan disturbed shortly I satisfied with app services.,Loan,Loan Terms & Features,App Performance,Overall Satisfaction & Utility
30,68870,0,very faster payment application.. like recharge Bill payment etc.,UPI App,App Performance,,
58,85597,0,very first fast transction and good app I like,Generic,App Performance,,
24,108819,2,very good aaj tk mujhe googal or phone pay pr ek rupya nhi mila hai po,UPI App,App Performance,Overall Satisfaction & Utility,
52,104685,1,very good aap All transaction phone number and QR code through,UPI App,Overall Satisfaction & Utility,,
48,10364,1,very good aap and fast tranjection money and rewards,UPI App,Rewards & Cashback,App Performance,Overall Satisfaction & Utility
40,84532,1,very good and best platform for cashback and upi,UPI App,Rewards & Cashback,Overall Satisfaction & Utility,
59,99091,3,very good and instant provide loan application I like this application,Loan,Quick Approval & Disbursal,Overall Satisfaction & Utility,
46,33128,1,very good and payment app is very beautiful app I am very happy and interesting app thankyou for xyz ‚ù§Ô∏è‚ù§Ô∏è,UPI App,App Performance,Overall Satisfaction & Utility,
52,53506,3,very good and time to time limit available. Pey timely EMI automatic. Limit up,Loan,Loan Terms & Features,Overall Satisfaction & Utility,
53,112901,3,very good app .... low quality internet par bhi gjjb chalta hai ü•∞ + every transaction pe coin earning üòÅ,UPI App,Rewards & Cashback,App Performance,Overall Satisfaction & Utility
55,38448,2,very good app becouse it have many features and I am enjoying this app very long time,Generic,App Performance,Overall Satisfaction & Utility,
35,20455,3,very good app fast payments and no disruption,Generic,Quick Approval & Disbursal,App Performance,Overall Satisfaction & Utility
28,68858,3,very good app real cash back üòÅüòÅüòÅ,UPI App,Rewards & Cashback,App Performance,Overall Satisfaction & Utility
22,56762,0,very good app this is mind-blowing payement app,Generic,App Performance,Overall Satisfaction & Utility,
32,63438,0,very good app ü•≥ü•≥ü•≥ü•≥with unlimited reward,"Loan, UPI App",App Performance,Overall Satisfaction & Utility,
56,37695,3,"very good app, it's very helpful for me in critical condition thanks to app",Generic,App Performance,Overall Satisfaction & Utility,
48,82447,0,Very good app. with real cashback I am honestly impressed üòÇüòôüòÇüòô,UPI App,Rewards & Cashback,App Performance,Overall Satisfaction & Utility
40,98167,0,very good app.super working receiving coins,UPI App,Rewards & Cashback,App Performance,Overall Satisfaction & Utility
35,90796,0,very good appüëçi got cash back by paying bills..,UPI App,Rewards & Cashback,App Performance,Overall Satisfaction & Utility
33,79415,2,very good company and fabulous system of loans and very good support,Loan,Customer Support,Overall Satisfaction & Utility,
38,71650,3,Very good Finance always Helps whenever we need money for our needs in Emergency or any other pending purchase,Loan,Overall Satisfaction & Utility,,
55,31307,3,very good I like this app so much I doy all transaction from this app,UPI App,Overall Satisfaction & Utility,,
45,100832,2,very good interface apps. I did pay credit card bills every time give me one percent reward in cash. thanks üåπ,UPI App,App Performance,Overall Satisfaction & Utility,
48,41003,3,Very good loan application... I need money suddenly approved app loan.,Loan,Quick Approval & Disbursal,Overall Satisfaction & Utility,
49,25493,3,Very good nd fast process I like it this app nd fast disbursal I got,Generic,App Performance,Overall Satisfaction & Utility,
58,19965,1,Very good personal app is best and easy to use this app is very best work for all people,Generic,User Interface,Overall Satisfaction & Utility,
23,59356,0,very good platform for UPI ke liye üëåüëå,UPI App,Overall Satisfaction & Utility,,
36,65993,2,very good UPI app. I got cash back from every transaction. thank you xyz,UPI App,Rewards & Cashback,Overall Satisfaction & Utility,
58,68634,3,Very good very nice aap I impressed this app very very good very nice app,Generic,Overall Satisfaction & Utility,,
30,87524,1,very good xyz UPI ‡§¨‡§π‡•Å‡§§ ‡§Ö‡§ö‡•ç‡§õ‡§æ ‡§π‡•à,UPI App,Overall Satisfaction & Utility,,
40,49313,2,very good üëç you have to more coins give me,UPI App,Rewards & Cashback,Overall Satisfaction & Utility,
47,103441,0,Very Good üëçüòäüëç Service And Received All Transfer Payment Cash Back Thanks üëç So Much Dear xyz Team I Love üíïüòòüíï This Application,UPI App,Rewards & Cashback,App Performance,Overall Satisfaction & Utility
34,81930,0,"very good, most user friendly loan app i have ever seen. We can close the loan any time with zero % closing charges. and you can pay more than the loan amount. it will deduct from principal amount automatically. happy","Loan, UPI App",User Interface,App Performance,Overall Satisfaction & Utility
40,84296,0,"Very good,fast and secure app.it gives everytime cashback on payment. please enable security lock on the app for protection","Loan, UPI App",Rewards & Cashback,App Performance,Overall Satisfaction & Utility
41,36424,2,very happy to have this app for getting money and emergency situation. thanks to app.,Loan,Quick Approval & Disbursal,,
46,51939,3,very helpful for my wife medical expensive for low interst thank you app🙏,Generic,Overall Satisfaction & Utility,,
52,19080,2,very helpful for upi users l love this app very much more download more people will earn money easily thangs for read this passage,UPI App,Overall Satisfaction & Utility,,
50,113295,1,Very Helpfull app & Get money on send anyone Rupees.,Generic,Overall Satisfaction & Utility,,
51,28752,0,very nice and very faster payment application,UPI App,App Performance,,
37,37158,0,Very nice app ! This app gives me cashback .,UPI App,Rewards & Cashback,,
28,112399,0,very nice app coustomer care sporting very usefull awesome coustomer care services,Generic,Loan Terms & Features,Overall Satisfaction & Utility,
59,46436,2,Very Nice app I need sum amount esy to gate money through this app...thanks to app...,Generic,Quick Approval & Disbursal,,
23,35094,2,"very nice app I'm very happy for use this app it's so easy steps for loan, low fee and low interest rates Thankyou app.....",Loan,Loan Terms & Features,,
33,29637,3,"very nice app it's helpful It has many beneficial plans of life, which gives you benefits in your life.",Generic,Rewards & Cashback,Loan Terms & Features,
60,81204,0,"Very nice application for both transactions and credit . the pay latter option is very useful to people , who are in need , and all the features of app app made it unique and great among other similar app",UPI App,App Performance,Overall Satisfaction & Utility,
29,118285,3,"very nice loan application, from customer service team to collection team all very polite and good response by them, no harrasment call no rude words by them, so much better than other companies, like (MONEYTAP AND PREFER) don't take loan from that two companies. but app company very good you can easily take loan,",Loan,Customer Support,App Performance,Overall Satisfaction & Utility
32,62137,3,"very nice payment mode and this reward popul is my earning 1000 rupees this share partner rs,150",UPI App,App Performance,,
33,72779,3,very nice reward points to cash convert the successful aap the best best app Thankyou so that powerful aap....,UPI App,Overall Satisfaction & Utility,,
38,56954,3,very nice service but while disburse amount in my account taking too much time,Loan,Criticisms & Issues,,
26,116973,2,VERY NICE UPI ‚ù§Ô∏è‚ù§Ô∏è‚ù§Ô∏è EASY TO USE & VERY FAST SERVICE UPI THANK YOU SO MUCH üôè xyz TEAM üôè,UPI App,User Interface,App Performance,Overall Satisfaction & Utility
42,39689,0,very nice very good and fast mani tarancfar sarves good nevi,Generic,App Performance,Overall Satisfaction & Utility,
53,16644,0,very nice work for rewords this is amazing ü§©,Generic,Rewards & Cashback,Overall Satisfaction & Utility,
29,75681,1,Very Nice xyz Payment Application and I'm Very Happy with the Using. Thanks a lot for the nice service. üòäüëåüëç,UPI App,App Performance,,
60,92723,0,very nice üëç me know when you get free coins,UPI App,Rewards & Cashback,,
36,24277,1,"VERY NICE, SO EASY INTERFACE. I USED THIS APP FROM 2 YEARS BEFORE. UPI PAYMENT SYSTEM IS ALSO VERY FAST. I PREFER THIS APP, TO DOWNLOAD AND USE THIS. DEAR xyz TEAM, KINDLY REQUEST YOU THAT, PLEASE ADD REFER LINK OPTION IN THIS APP... THANKS & REGARD üôè",UPI App,Rewards & Cashback,App Performance,
55,71449,2,Very quick and easy process and very faster....I m impressed and so happy... thanks for give me my required amount disbursed instantly ..and also very nominal interest rates,Loan,Quick Approval & Disbursal,User Interface,Application & Onboarding Process
54,117401,0,Very reliable and hassle-free to get the required loan amount within half n hour.,Loan,User Interface,Application & Onboarding Process,App Reliability
53,10080,3,Very smooth and quick process. It took 15 min to apply and get the amount in my bank. Must recommend.,Generic,Quick Approval & Disbursal,User Interface,Overall Satisfaction & Utility
21,88020,1,Very Smooth payment Fast Navy UPI App ü•∞,UPI App,App Performance,,
28,103319,1,"Very Smooth Process, Fast Document Verifications and KYC things and Amount was Diversed in Account just in a minutes..",Loan,Quick Approval & Disbursal,Application & Onboarding Process,App Performance
48,83650,1,very super this app her trenjectin for a get coin ü™ô 10=1$,UPI App,Rewards & Cashback,,
35,98136,0,very useful app . these app is better than G pay,UPI App,App Performance,,
41,109270,2,very useless app for influencer because your application gives 1000 coins (100rs) for 5 refer . while the rest of the UPI interface gives 100-200 per refer. You should change your refer policy so that we influencers can promote your best app.,UPI App,Rewards & Cashback,,
60,80871,3,"very very bad app bill not pay show success but money not received, plz didn't download it. thanks",UPI App,App Performance,,
49,57787,1,very very best app for online transaction,UPI App,Overall Satisfaction & Utility,,
48,116863,2,very very good app I got cash back from every payment .,UPI App,Rewards & Cashback,App Performance,Overall Satisfaction & Utility
57,23944,2,Very. Good experience with. This aap this aap service is very fastest and hustle free process for loan.,Loan,App Performance,Overall Satisfaction & Utility,
51,16534,1,"well i really have to say this is the best and quick app to get the loan for your personal needs....the process in the APP is very easy and friendly ,i will definately recommed this to my friends and family....truly deserving 5 star ⭐⭐⭐⭐⭐",Loan,User Interface,,
30,31330,3,whatever payment we will do we are getting cash,UPI App,App Performance,,
51,58672,0,Winning Cash 5 Rs With xyz Online Payment App,UPI App,App Performance,,
28,51302,2,Within few minutes I got the amount in my bank account. Based on your credit report limit will be assigned and all the documents verification is instant. I downloaded the app within 5 minutes all the digital verification was completed and I had the amount. You can trust this app and opt for loan. There are many apps in playstore but This one is the best.,Loan,Quick Approval & Disbursal,,
58,68344,3,Wonderful and fast platform for instant personal loan. Anyone who required urgent loan. I recommend you to choose this platform with very low interest and higher days to repay the loan.,Loan,Quick Approval & Disbursal,User Interface,Loan Terms & Features
24,32156,2,"Wonderful App...‚ù§Ô∏è Easy To Pay Bills, Every Thing Is Simple And Easy, Like User-friendly And The 100% Guaranteed Rewards (Cashback)...‚ù§Ô∏è‚ù§Ô∏è‚ù§Ô∏è",UPI App,User Interface,Rewards & Cashback,App Performance
40,61452,1,woo this payment aap is very easy end second thanks to xyz upi,UPI App,App Performance,,
27,75977,3,wooh! I was wondered about this app because it gives instant loans to any one. It was within couple of minutes.,Loan,Quick Approval & Disbursal,,
33,87072,1,world ka best app hai ye payment easily Ho jaati Hai kabhi koi problem nahi aati thank you so much xyz,UPI App,App Performance,Overall Satisfaction & Utility,
34,61156,2,wow amzing upi app this is more helpful app,UPI App,Overall Satisfaction & Utility,,
41,94142,3,Wow it's was a amazing application because I am using this application and I feel a lovely..,Generic,Overall Satisfaction & Utility,,
40,92856,2,Wow This App is a Superb App & Daily Return Cashback Any Small & Big Payment This App is a Outstanding App Just Wow Wow Wow...,UPI App,Rewards & Cashback,App Performance,Overall Satisfaction & Utility
49,111747,1,"wow üò≤ i,m impressed this xyz UPI app is Just amazing üòç",UPI App,Overall Satisfaction & Utility,,
44,114388,1,wow üò≥üò≥ just ‚ù§Ô∏èit . every payment they rewards.,UPI App,Rewards & Cashback,App Performance,
47,11654,2,Woww....whatt a great amazing app..it's provide very quickly loan to me with a minimum documents.. and it's works very smoothly..!! ♥️😍👌👌,Loan,User Interface,Overall Satisfaction & Utility,
42,95067,1,Writing this review after using this app more then a week. It's very user friendly and easy to use app. Instant money credited to your account once you applied for money.,Loan,User Interface,,
23,29104,3,xyz all upi aap so best performance and really love this aap,UPI App,,,
21,45791,2,xyz ap upi kelia sahi app ab espe transfer kr ni pe cash bhi melta heüëç,UPI App,,,
57,119959,2,xyz app achhi h pr ye galat h ak dusare ka number share hota h scan krne se aisa nhi hona chahiye,UPI App,,,
54,41816,1,xyz app bahut acha h isse transaction me bahut apko fayda hoga,UPI App,Rewards & Cashback,,
59,12422,1,xyz App Bahut Smooth hai fast payment and secure,UPI App,Quick Approval & Disbursal,App Performance,
25,89564,0,"xyz app best hai , Paytm ya PhonePe se ‚ù£Ô∏è‚ù£Ô∏è",UPI App,App Performance,,
26,49048,0,"xyz app best performance securely but ""rajasthan marudhara gramin Bank"" not support UPI light feacher please help me.",UPI App,Customer Support,,
34,74506,2,xyz app ko 1 month pahale download kya us time se cash point milta tha har ak transaction par jab 1 month ke pas cash point milna band ho gya cash point aisa kyu ho Raha hai.........,UPI App,Rewards & Cashback,,
53,73181,2,xyz Application is good and reliable app I have good experienced with xyz App. But I'm getting server issue with the xyz App I'm facing the issue for a week. plz resolve the issue Im unable to doing payments from App my payments are still pending if you solve the problem I'm able to do payments im requesting the Application Technical Management to resolve my problem with application and make to smooth payments xyz Application is the best application than Phone Pay and Google Pay,UPI App,App Reliability,App Performance,Overall Satisfaction & Utility
30,62814,3,xyz is best and reliable app because there are no platform charges and return cashback every transaction.,UPI App,Rewards & Cashback,App Reliability,
36,116942,2,xyz is best UPI payment app without any extra charge pay any bill and you will get cashback for translation.,UPI App,Rewards & Cashback,App Performance,
52,14248,1,xyz is most likely is a reward app this app is best of all upi apps,UPI App,Market Position & Comparison,,
44,100144,1,xyz is my personal favourite UPI application...UI is awesome and Scratch Reward system is Top Notch..Hats off to the devs ‚ù§Ô∏è‚ù§Ô∏è,UPI App,User Interface,Rewards & Cashback,Overall Satisfaction & Utility
46,111348,3,"xyz is one of the best payment apps I‚Äôve used. Fast UPI, smooth interface, and I love the cashback rewards. It also offers loans and investment options ‚Äî all in one place. Highly recommended!""","Loan, UPI App",Rewards & Cashback,App Performance,Overall Satisfaction & Utility
22,106899,1,xyz is one of the best payment transfer app. Loved it.Thanks to became a part of my life xyz,UPI App,App Performance,,
58,51066,2,xyz is the best app for coins converted into cash I love it thanks to xyz app,UPI App,Rewards & Cashback,,
55,44370,3,xyz is the best app in other apps because xyz does not get commission & this is the best smooth n easy apps..,Generic,Rewards & Cashback,,
60,17775,1,xyz is the best cashback application 123,UPI App,Rewards & Cashback,,
51,92118,0,xyz Is very profited UPI app comparing to any other UPI app. xyz is giving small small cashback on every payment. I am using this app from past 15 days and I earned ‚Çπ49 cashback totally. I refer this app to my friend and my friend gets more profit. Thanks xyz üòá for this small small cashbacks on every payment ‚ù§Ô∏è‚ù§Ô∏è‚ù§Ô∏è‚ù§Ô∏è.,UPI App,Rewards & Cashback,App Performance,
27,110195,2,xyz payment bahut achcha hai kripya Mil jata Hai,UPI App,App Performance,,
39,77060,3,xyz the best System upi bank and all service,UPI App,Overall Satisfaction & Utility,,
25,75696,3,xyz Up is a very good app which gives a lot of rewards on every transaction and its interface is also very good. Transferring money is also very easy which is very easy with the user interface.,UPI App,Rewards & Cashback,App Performance,Overall Satisfaction & Utility
31,43138,3,xyz upi app is really good quick payment also batter app,UPI App,User Interface,App Performance,
58,94783,1,xyz upi best app and very nice very nice rewards good thank you all friends üëâüëçüëåüéâ,UPI App,Rewards & Cashback,Overall Satisfaction & Utility,
44,60694,3,xyz upi best app for payment method i love this app this app so cool and is interface is so cool and simple i download the app,UPI App,App Performance,Overall Satisfaction & Utility,
36,106330,0,"xyz UPI is a great UPI mode that I really liked. It helps me save money effortlessly, even without consciously saving. The best part is, it offers cashback in the form of coins, which makes every transaction feel rewarding.",UPI App,Rewards & Cashback,,
38,91672,0,xyz upi is banificial for me more then other,UPI App,Overall Satisfaction & Utility,,
43,87263,0,xyz UPI is virtual money transfer like Google play the lastest launch and biggest upadate is inside of this xyz UPI is given coins with exchange you can in your inr (Ruppees ) lots of save time I am using the app in somedays approx May lots of goodwill your for,UPI App,Rewards & Cashback,,
31,28868,1,xyz UPI on off the best UPI application.im happy,UPI App,Overall Satisfaction & Utility,,
51,80686,2,"xyz Upi Payment App Is A Simple And Reliable Digital Payment Platform That Offers Services Like Mobile Recharge, Money Transfer And Bill Payments , It's User-Friendly Interface And Fast Money Transfer Process Make It Quite Convenient..",UPI App,User Interface,Application & Onboarding Process,Rewards & Cashback
52,105577,2,xyz upi use kare aur paye casbeke ye aap bahut achhe hai pH,UPI App,App Performance,,
54,21034,1,xyz very good UPI app yah app bahut jyada achcha hai,UPI App,Overall Satisfaction & Utility,,
59,87997,1,Ya Aap bahut hi best hai payment ke liye aur apne friend ko bhi yahi TRAI karne ke liye bolata hun bahut achcha Laga,UPI App,App Performance,,
52,64598,3,yah aap sach me reword deta hai 100%sahi hai,Generic,Rewards & Cashback,,
57,112051,3,yah app bahut intrested hai m sara payment ESI se krta hu this is payment,UPI App,App Performance,,
24,59494,2,yah bahut achcha app Hai jismein aapko cashback milta Hai bahut adhik,UPI App,Rewards & Cashback,,
53,23660,2,ye app acha hai cashback acha milta hai kabhi kabhi coin nai deta hai fir be thik hai,UPI App,Rewards & Cashback,,
36,38456,2,you can convert coins in money instantly what a amazing appü§©ü§©,UPI App,Rewards & Cashback,Overall Satisfaction & Utility,
53,84132,0,"üåüüåüüåüüåüüåü Amazing App with Real Cashback! I recently started using xyz app and I‚Äôm honestly impressed! üòç Every small transaction I made gave me instant cashback ‚Äî something I never got consistently from other UPI apps. The app is smooth, secure, and easy to use. I love the rewards system, and the interface is clean and user-friendly. so I feel safe doing all my payments here.","Loan, UPI App",User Interface,Rewards & Cashback,App Performance
30,18066,0,üíØ percent working to transfer money to get coins and convert the coins in rupees and transfer upi and other. nice,UPI App,Rewards & Cashback,App Performance,